Idpt	xcoord	ycoord
1	782641.150728239	9925655.40185161
2	782640.014580161	9925650.53264556
3	782638.878432083	9925645.66343951
4	782637.742284005	9925640.79423347
5	782636.606135927	9925635.92502742
6	782635.469987849	9925631.05582137
7	782634.333839771	9925626.18661532
8	782633.197691693	9925621.31740927
9	782632.061543615	9925616.44820322
10	782630.925395537	9925611.57899717
11	782629.789247459	9925606.70979112
12	782628.653099381	9925601.84058508
13	782627.516951303	9925596.97137903
14	782626.380803224	9925592.10217298
15	782625.244655146	9925587.23296693
16	782624.108507068	9925582.36376088
17	782622.97235899	9925577.49455483
18	782621.836210912	9925572.62534878
19	782620.700062834	9925567.75614273
20	782619.563914756	9925562.88693669
21	782618.427766678	9925558.01773064
22	782617.2916186	9925553.14852459
23	782616.155470522	9925548.27931854
24	782615.019322444	9925543.41011249
25	782613.883174366	9925538.54090644
26	782612.747026288	9925533.67170039
27	782611.61087821	9925528.80249435
28	782610.474730132	9925523.9332883
29	782609.338582054	9925519.06408225
30	782608.202433976	9925514.1948762
31	782607.066285898	9925509.32567015
32	782605.93013782	9925504.4564641
33	782604.793989742	9925499.58725805
34	782603.657841664	9925494.718052
35	782602.521693586	9925489.84884595
36	782601.385545508	9925484.97963991
37	782600.24939743	9925480.11043386
38	782599.113249352	9925475.24122781
39	782597.977101274	9925470.37202176
40	782596.840953196	9925465.50281571
41	782595.704805118	9925460.63360966
42	782594.56865704	9925455.76440361
43	782593.432508962	9925450.89519756
44	782592.296360884	9925446.02599152
45	782591.160212805	9925441.15678547
46	782590.024064727	9925436.28757942
47	782588.887916649	9925431.41837337
48	782587.751768571	9925426.54916732
49	782586.615620493	9925421.67996127
50	782585.479472415	9925416.81075522
51	782584.343324337	9925411.94154918
52	782583.207176259	9925407.07234313
53	782582.071028181	9925402.20313708
54	782580.934880103	9925397.33393103
55	782579.798732025	9925392.46472498
56	782578.662583947	9925387.59551893
57	782577.526435869	9925382.72631288
58	782576.390287791	9925377.85710683
59	782575.254139713	9925372.98790079
60	782574.117991635	9925368.11869474
61	782572.981843557	9925363.24948869
62	782571.845695479	9925358.38028264
63	782570.709547401	9925353.51107659
64	782569.573399323	9925348.64187054
65	782568.437251245	9925343.77266449
66	782567.301103167	9925338.90345844
67	782566.164955089	9925334.0342524
68	782565.028807011	9925329.16504635
69	782563.892658933	9925324.2958403
70	782562.756510855	9925319.42663425
71	782561.620362777	9925314.5574282
72	782560.484214699	9925309.68822215
73	782559.348066621	9925304.8190161
74	782558.211918543	9925299.94981006
75	782557.075770464	9925295.08060401
76	782555.939622386	9925290.21139796
77	782554.803474308	9925285.34219191
78	782553.66732623	9925280.47298586
79	782552.531178152	9925275.60377981
80	782551.395030074	9925270.73457376
81	782550.258881996	9925265.86536771
82	782549.122733918	9925260.99616167
83	782547.98658584	9925256.12695562
84	782546.850437762	9925251.25774957
85	782545.714289684	9925246.38854352
86	782544.578141606	9925241.51933747
87	782543.441993528	9925236.65013142
88	782542.30584545	9925231.78092537
89	782541.169697372	9925226.91171932
90	782540.033549294	9925222.04251328
91	782538.897401216	9925217.17330723
92	782537.761253138	9925212.30410118
93	782536.62510506	9925207.43489513
94	782535.488956982	9925202.56568908
95	782534.352808904	9925197.69648303
96	782533.216660826	9925192.82727698
97	782532.080512748	9925187.95807094
98	782530.94436467	9925183.08886489
99	782529.808216592	9925178.21965884
100	782528.672068514	9925173.35045279
101	782527.535920436	9925168.48124674
102	782526.399772358	9925163.61204069
103	782525.26362428	9925158.74283464
104	782524.127476202	9925153.87362859
105	782522.991328124	9925149.00442255
106	782521.855180045	9925144.1352165
107	782520.719031967	9925139.26601045
108	782519.582883889	9925134.3968044
109	782518.446735811	9925129.52759835
110	782517.310587733	9925124.6583923
111	782516.174439655	9925119.78918625
112	782515.038291577	9925114.9199802
113	782513.902143499	9925110.05077416
114	782512.765995421	9925105.18156811
115	782511.629847343	9925100.31236206
116	782510.493699265	9925095.44315601
117	782509.357551187	9925090.57394996
118	782508.221403109	9925085.70474391
119	782507.085255031	9925080.83553786
120	782505.949106953	9925075.96633182
121	782504.812958875	9925071.09712577
122	782503.676810797	9925066.22791972
123	782502.540662719	9925061.35871367
124	782501.404514641	9925056.48950762
125	782500.268366563	9925051.62030157
126	782499.132218485	9925046.75109552
127	782497.996070407	9925041.88188947
128	782496.859922329	9925037.01268343
129	782495.723774251	9925032.14347738
130	782494.587626173	9925027.27427133
131	782493.451478095	9925022.40506528
132	782492.315330017	9925017.53585923
133	782491.179181939	9925012.66665318
134	782490.043033861	9925007.79744713
135	782488.906885783	9925002.92824108
136	782487.770737705	9924998.05903503
137	782486.634589627	9924993.18982899
138	782485.498441549	9924988.32062294
139	782484.36229347	9924983.45141689
140	782483.226145392	9924978.58221084
141	782482.089997314	9924973.71300479
142	782480.953849236	9924968.84379874
143	782479.817701158	9924963.9745927
144	782478.68155308	9924959.10538665
145	782477.545405002	9924954.2361806
146	782476.409256924	9924949.36697455
147	782475.273108846	9924944.4977685
148	782474.136960768	9924939.62856245
149	782473.00081269	9924934.7593564
150	782471.864664612	9924929.89015035
151	782470.728516534	9924925.0209443
152	782469.592368456	9924920.15173826
153	782468.456220378	9924915.28253221
154	782467.3200723	9924910.41332616
155	782466.183924222	9924905.54412011
156	782465.047776144	9924900.67491406
157	782463.911628066	9924895.80570801
158	782462.775479988	9924890.93650196
159	782461.63933191	9924886.06729591
160	782460.503183832	9924881.19808987
161	782459.367035754	9924876.32888382
162	782458.230887676	9924871.45967777
163	782457.094739598	9924866.59047172
164	782455.95859152	9924861.72126567
165	782454.822443442	9924856.85205962
166	782453.686295364	9924851.98285357
167	782452.550147286	9924847.11364753
168	782451.413999208	9924842.24444148
169	782450.27785113	9924837.37523543
170	782449.141703052	9924832.50602938
171	782448.005554973	9924827.63682333
172	782446.869406895	9924822.76761728
173	782445.733258817	9924817.89841123
174	782444.597110739	9924813.02920518
175	782443.460962661	9924808.15999914
176	782442.324814583	9924803.29079309
177	782441.188666505	9924798.42158704
178	782440.052518427	9924793.55238099
179	782438.916370349	9924788.68317494
180	782437.780222271	9924783.81396889
181	782436.644074193	9924778.94476284
182	782435.507926115	9924774.07555679
183	782434.371778037	9924769.20635075
184	782433.235629959	9924764.3371447
185	782432.099481881	9924759.46793865
186	782430.963333803	9924754.5987326
187	782429.827185725	9924749.72952655
188	782428.691037647	9924744.8603205
189	782427.554889569	9924739.99111445
190	782426.418741491	9924735.12190841
191	782425.282593413	9924730.25270236
192	782424.146445335	9924725.38349631
193	782423.010297257	9924720.51429026
194	782421.874149179	9924715.64508421
195	782420.738001101	9924710.77587816
196	782419.601853023	9924705.90667211
197	782418.465704945	9924701.03746606
198	782417.329556867	9924696.16826002
199	782416.193408789	9924691.29905397
200	782415.057260711	9924686.42984792
201	782413.921112632	9924681.56064187
202	782412.784964554	9924676.69143582
203	782411.648816476	9924671.82222977
204	782410.512668398	9924666.95302372
205	782409.37652032	9924662.08381767
206	782408.240372242	9924657.21461163
207	782407.104224164	9924652.34540558
208	782405.968076086	9924647.47619953
209	782404.831928008	9924642.60699348
210	782403.69577993	9924637.73778743
211	782402.559631852	9924632.86858138
212	782401.423483774	9924627.99937533
213	782400.287335696	9924623.13016929
214	782399.151187618	9924618.26096324
215	782398.01503954	9924613.39175719
216	782396.878891462	9924608.52255114
217	782395.742743384	9924603.65334509
218	782394.606595306	9924598.78413904
219	782393.470447228	9924593.91493299
220	782392.33429915	9924589.04572694
221	782391.198151072	9924584.1765209
222	782390.062002994	9924579.30731485
223	782388.925854916	9924574.4381088
224	782387.789706838	9924569.56890275
225	782386.65355876	9924564.6996967
226	782385.517410682	9924559.83049065
227	782384.381262604	9924554.9612846
228	782383.245114526	9924550.09207855
229	782382.108966448	9924545.2228725
230	782380.97281837	9924540.35366646
231	782379.836670291	9924535.48446041
232	782378.700522213	9924530.61525436
233	782377.564374135	9924525.74604831
234	782376.428226057	9924520.87684226
235	782375.292077979	9924516.00763621
236	782374.155929901	9924511.13843017
237	782373.019781823	9924506.26922412
238	782371.883633745	9924501.40001807
239	782370.747485667	9924496.53081202
240	782369.611337589	9924491.66160597
241	782368.475189511	9924486.79239992
242	782367.339041433	9924481.92319387
243	782366.202893355	9924477.05398782
244	782365.066745277	9924472.18478177
245	782363.930597199	9924467.31557573
246	782362.794449121	9924462.44636968
247	782361.658301043	9924457.57716363
248	782360.522152965	9924452.70795758
249	782359.386004887	9924447.83875153
250	782358.249856809	9924442.96954548
251	782357.113708731	9924438.10033943
252	782355.977560653	9924433.23113338
253	782354.841412575	9924428.36192734
254	782353.705264497	9924423.49272129
255	782352.569116419	9924418.62351524
256	782351.432968341	9924413.75430919
257	782350.296820263	9924408.88510314
258	782349.160672185	9924404.01589709
259	782348.024524107	9924399.14669104
260	782346.888376029	9924394.277485
261	782345.752227951	9924389.40827895
262	782344.616079873	9924384.5390729
263	782343.479931795	9924379.66986685
264	782342.343783716	9924374.8006608
265	782341.207635638	9924369.93145475
266	782340.07148756	9924365.0622487
267	782338.935339482	9924360.19304265
268	782337.799191404	9924355.32383661
269	782336.663043326	9924350.45463056
270	782335.526895248	9924345.58542451
271	782334.39074717	9924340.71621846
272	782333.254599092	9924335.84701241
273	782332.118451014	9924330.97780636
274	782330.982302936	9924326.10860031
275	782329.846154858	9924321.23939426
276	782328.71000678	9924316.37018822
277	782327.573858702	9924311.50098217
278	782326.437710624	9924306.63177612
279	782325.301562546	9924301.76257007
280	782324.165414468	9924296.89336402
281	782323.02926639	9924292.02415797
282	782321.893118312	9924287.15495192
283	782320.756970234	9924282.28574588
284	782319.620822156	9924277.41653983
285	782318.484674078	9924272.54733378
286	782317.348526	9924267.67812773
287	782316.212377922	9924262.80892168
288	782315.076229844	9924257.93971563
289	782313.940081766	9924253.07050958
290	782313.093987668	9924248.18324543
291	782313.61741159	9924243.21071816
292	782314.140835513	9924238.2381909
293	782314.664259435	9924233.26566363
294	782315.187683358	9924228.29313637
295	782315.711107281	9924223.3206091
296	782316.234531203	9924218.34808184
297	782316.757955126	9924213.37555457
298	782317.281379048	9924208.40302731
299	782317.804802971	9924203.43050005
300	782318.328226894	9924198.45797278
301	782318.851650816	9924193.48544552
302	782319.375074739	9924188.51291825
303	782319.898498661	9924183.54039099
304	782320.421922584	9924178.56786372
305	782320.945346507	9924173.59533646
306	782321.468770429	9924168.62280919
307	782321.992194352	9924163.65028193
308	782322.515618274	9924158.67775466
309	782323.039042197	9924153.7052274
310	782323.56246612	9924148.73270013
311	782324.085890042	9924143.76017287
312	782324.609313965	9924138.7876456
313	782325.132737887	9924133.81511834
314	782325.65616181	9924128.84259108
315	782326.179585733	9924123.87006381
316	782326.703009655	9924118.89753655
317	782327.226433578	9924113.92500928
318	782327.7498575	9924108.95248202
319	782328.273281423	9924103.97995475
320	782328.796705346	9924099.00742749
321	782329.320129268	9924094.03490022
322	782329.843553191	9924089.06237296
323	782330.366977113	9924084.08984569
324	782330.890401036	9924079.11731843
325	782331.413824958	9924074.14479117
326	782331.937248881	9924069.1722639
327	782332.460672804	9924064.19973664
328	782332.984096726	9924059.22720937
329	782333.507520649	9924054.25468211
330	782334.030944571	9924049.28215484
331	782334.554368494	9924044.30962758
332	782335.077792417	9924039.33710031
333	782335.601216339	9924034.36457305
334	782336.124640262	9924029.39204578
335	782336.648064184	9924024.41951852
336	782337.171488107	9924019.44699126
337	782337.69491203	9924014.47446399
338	782338.218335952	9924009.50193673
339	782338.741759875	9924004.52940946
340	782339.265183797	9923999.5568822
341	782339.78860772	9923994.58435493
342	782340.312031642	9923989.61182767
343	782340.835455565	9923984.6393004
344	782341.358879488	9923979.66677314
345	782341.88230341	9923974.69424587
346	782342.405727333	9923969.72171861
347	782342.929151255	9923964.74919134
348	782343.452575178	9923959.77666408
349	782343.975999101	9923954.80413681
350	782344.499423023	9923949.83160955
351	782345.022846946	9923944.85908229
352	782345.546270868	9923939.88655502
353	782346.069694791	9923934.91402776
354	782346.593118713	9923929.94150049
355	782347.116542636	9923924.96897323
356	782347.639966559	9923919.99644596
357	782348.163390481	9923915.0239187
358	782348.686814404	9923910.05139143
359	782349.210238326	9923905.07886417
360	782349.733662249	9923900.1063369
361	782350.257086172	9923895.13380964
362	782350.780510094	9923890.16128238
363	782351.303934017	9923885.18875511
364	782351.827357939	9923880.21622785
365	782352.350781862	9923875.24370058
366	782352.874205785	9923870.27117332
367	782353.397629707	9923865.29864605
368	782353.92105363	9923860.32611879
369	782354.444477552	9923855.35359152
370	782354.967901475	9923850.38106426
371	782355.491325398	9923845.40853699
372	782356.01474932	9923840.43600973
373	782356.538173243	9923835.46348246
374	782357.061597165	9923830.4909552
375	782357.585021088	9923825.51842793
376	782358.10844501	9923820.54590067
377	782358.631868933	9923815.57337341
378	782359.155292856	9923810.60084614
379	782359.678716778	9923805.62831888
380	782360.202140701	9923800.65579161
381	782360.725564623	9923795.68326435
382	782361.248988546	9923790.71073708
383	782361.772412469	9923785.73820982
384	782362.295836391	9923780.76568255
385	782362.819260314	9923775.79315529
386	782363.342684236	9923770.82062802
387	782363.866108159	9923765.84810076
388	782364.389532082	9923760.8755735
389	782364.912956004	9923755.90304623
390	782365.436379927	9923750.93051897
391	782365.959803849	9923745.9579917
392	782366.483227772	9923740.98546444
393	782367.006651695	9923736.01293717
394	782367.530075617	9923731.04040991
395	782368.05349954	9923726.06788264
396	782368.576923462	9923721.09535538
397	782369.100347385	9923716.12282811
398	782369.623771308	9923711.15030085
399	782370.14719523	9923706.17777358
400	782370.670619153	9923701.20524632
401	782371.194043075	9923696.23271905
402	782371.717466998	9923691.26019179
403	782372.24089092	9923686.28766453
404	782372.764314843	9923681.31513726
405	782373.287738766	9923676.34261
406	782373.811162688	9923671.37008273
407	782374.334586611	9923666.39755547
408	782374.858010533	9923661.4250282
409	782375.381434456	9923656.45250094
410	782375.904858379	9923651.47997367
411	782376.428282301	9923646.50744641
412	782376.951706224	9923641.53491914
413	782377.475130146	9923636.56239188
414	782377.998554069	9923631.58986462
415	782378.521977992	9923626.61733735
416	782379.045401914	9923621.64481009
417	782379.568825837	9923616.67228282
418	782380.092249759	9923611.69975556
419	782380.615673682	9923606.72722829
420	782381.139097604	9923601.75470103
421	782381.662521527	9923596.78217376
422	782382.18594545	9923591.8096465
423	782382.709369372	9923586.83711923
424	782383.232793295	9923581.86459197
425	782383.756217217	9923576.89206471
426	782384.27964114	9923571.91953744
427	782384.803065063	9923566.94701018
428	782385.326488985	9923561.97448291
429	782385.849912908	9923557.00195565
430	782386.37333683	9923552.02942838
431	782386.896760753	9923547.05690112
432	782387.420184676	9923542.08437385
433	782387.943608598	9923537.11184659
434	782388.467032521	9923532.13931932
435	782388.990456443	9923527.16679206
436	782389.513880366	9923522.19426479
437	782390.037304288	9923517.22173753
438	782390.560728211	9923512.24921026
439	782391.084152134	9923507.276683
440	782391.607576056	9923502.30415574
441	782392.130999979	9923497.33162847
442	782392.654423901	9923492.35910121
443	782393.177847824	9923487.38657394
444	782393.701271747	9923482.41404668
445	782394.224695669	9923477.44151941
446	782394.748119592	9923472.46899215
447	782395.271543514	9923467.49646488
448	782395.794967437	9923462.52393762
449	782396.31839136	9923457.55141035
450	782396.841815282	9923452.57888309
451	782397.365239205	9923447.60635583
452	782397.888663127	9923442.63382856
453	782398.41208705	9923437.6613013
454	782398.935510973	9923432.68877403
455	782399.458934895	9923427.71624677
456	782399.982358818	9923422.7437195
457	782400.50578274	9923417.77119224
458	782401.029206663	9923412.79866497
459	782401.552630586	9923407.82613771
460	782402.076054508	9923402.85361044
461	782402.599478431	9923397.88108318
462	782403.122902353	9923392.90855591
463	782403.646326276	9923387.93602865
464	782404.169750198	9923382.96350138
465	782404.693174121	9923377.99097412
466	782405.216598044	9923373.01844686
467	782405.740021966	9923368.04591959
468	782406.263445889	9923363.07339233
469	782406.842903953	9923358.11300257
470	782408.424042783	9923353.36958608
471	782410.005181613	9923348.62616959
472	782411.586320443	9923343.8827531
473	782413.167459273	9923339.13933661
474	782414.748598103	9923334.39592012
475	782416.329736933	9923329.65250363
476	782417.910875764	9923324.90908714
477	782419.492014594	9923320.16567065
478	782421.073153424	9923315.42225416
479	782422.654292254	9923310.67883767
480	782424.235431084	9923305.93542118
481	782425.816569914	9923301.19200469
482	782427.397708744	9923296.4485882
483	782428.978847574	9923291.70517171
484	782430.559986404	9923286.96175522
485	782432.141125234	9923282.21833873
486	782433.722264064	9923277.47492224
487	782435.303402894	9923272.73150575
488	782436.884541724	9923267.98808926
489	782438.465680555	9923263.24467277
490	782440.046819385	9923258.50125628
491	782441.627958215	9923253.75783979
492	782443.209097045	9923249.0144233
493	782444.790235875	9923244.27100681
494	782446.371374705	9923239.52759032
495	782447.952513535	9923234.78417383
496	782449.533652365	9923230.04075734
497	782451.114791195	9923225.29734085
498	782452.695930025	9923220.55392436
499	782454.277068855	9923215.81050786
500	782455.858207685	9923211.06709137
501	782457.439346515	9923206.32367488
502	782459.020485346	9923201.58025839
503	782460.601624176	9923196.8368419
504	782462.182763006	9923192.09342541
505	782463.763901836	9923187.35000892
506	782465.345040666	9923182.60659243
507	782466.926179496	9923177.86317594
508	782468.507318326	9923173.11975945
509	782470.088457156	9923168.37634296
510	782471.669595986	9923163.63292647
511	782473.250734816	9923158.88950998
512	782474.831873646	9923154.14609349
513	782476.413012477	9923149.402677
514	782477.994151307	9923144.65926051
515	782479.575290137	9923139.91584402
516	782481.156428967	9923135.17242753
517	782482.737567797	9923130.42901104
518	782484.318706627	9923125.68559455
519	782485.899845457	9923120.94217806
520	782487.480984287	9923116.19876157
521	782489.062123117	9923111.45534508
522	782490.643261947	9923106.71192859
523	782492.224400777	9923101.9685121
524	782493.805539607	9923097.22509561
525	782495.386678437	9923092.48167912
526	782496.967817268	9923087.73826263
527	782498.548956098	9923082.99484614
528	782500.130094928	9923078.25142965
529	782501.711233758	9923073.50801316
530	782503.292372588	9923068.76459667
531	782504.873511418	9923064.02118018
532	782506.454650248	9923059.27776369
533	782508.035789078	9923054.5343472
534	782509.616927908	9923049.79093071
535	782511.198066738	9923045.04751422
536	782512.779205568	9923040.30409773
537	782514.360344398	9923035.56068124
538	782515.941483229	9923030.81726475
539	782517.522622059	9923026.07384825
540	782519.103760889	9923021.33043176
541	782520.684899719	9923016.58701527
542	782522.266038549	9923011.84359878
543	782523.847177379	9923007.10018229
544	782525.428316209	9923002.3567658
545	782527.009455039	9922997.61334931
546	782528.590593869	9922992.86993282
547	782530.171732699	9922988.12651633
548	782531.752871529	9922983.38309984
549	782533.334010359	9922978.63968335
550	782534.91514919	9922973.89626686
551	782536.49628802	9922969.15285037
552	782538.07742685	9922964.40943388
553	782539.65856568	9922959.66601739
554	782541.23970451	9922954.9226009
555	782542.82084334	9922950.17918441
556	782544.40198217	9922945.43576792
557	782545.983121	9922940.69235143
558	782547.56425983	9922935.94893494
559	782549.14539866	9922931.20551845
560	782550.72653749	9922926.46210196
561	782552.30767632	9922921.71868547
562	782553.88881515	9922916.97526898
563	782555.469953981	9922912.23185249
564	782557.051092811	9922907.488436
565	782558.632231641	9922902.74501951
566	782560.213370471	9922898.00160302
567	782561.794509301	9922893.25818653
568	782563.375648131	9922888.51477004
569	782564.956786961	9922883.77135355
570	782566.537925791	9922879.02793706
571	782568.119064621	9922874.28452057
572	782569.700203451	9922869.54110408
573	782571.281342281	9922864.79768759
574	782572.862481112	9922860.0542711
575	782574.443619942	9922855.3108546
576	782576.024758772	9922850.56743811
577	782577.605897602	9922845.82402162
578	782579.187036432	9922841.08060513
579	782580.768175262	9922836.33718864
580	782582.349314092	9922831.59377215
581	782583.930452922	9922826.85035566
582	782585.511591752	9922822.10693917
583	782587.092730582	9922817.36352268
584	782588.673869412	9922812.62010619
585	782590.255008242	9922807.8766897
586	782591.836147072	9922803.13327321
587	782593.417285903	9922798.38985672
588	782594.998424733	9922793.64644023
589	782596.579563563	9922788.90302374
590	782598.160702393	9922784.15960725
591	782599.741841223	9922779.41619076
592	782601.322980053	9922774.67277427
593	782602.904118883	9922769.92935778
594	782604.485257713	9922765.18594129
595	782606.066396543	9922760.4425248
596	782607.647535373	9922755.69910831
597	782609.228674203	9922750.95569182
598	782610.809813033	9922746.21227533
599	782612.390951864	9922741.46885884
600	782613.972090694	9922736.72544235
601	782615.553229524	9922731.98202586
602	782617.134368354	9922727.23860937
603	782618.715507184	9922722.49519288
604	782620.296646014	9922717.75177639
605	782621.877784844	9922713.0083599
606	782623.458923674	9922708.26494341
607	782625.040062504	9922703.52152692
608	782626.621201334	9922698.77811043
609	782628.202340164	9922694.03469394
610	782629.783478995	9922689.29127745
611	782631.364617825	9922684.54786096
612	782632.945756655	9922679.80444447
613	782634.526895485	9922675.06102798
614	782636.108034315	9922670.31761149
615	782637.689173145	9922665.574195
616	782639.270311975	9922660.83077851
617	782640.851450805	9922656.08736202
618	782643.613089001	9922651.96951948
619	782646.650339539	9922647.99773032
620	782649.687590077	9922644.02594116
621	782652.724840615	9922640.05415199
622	782655.762091153	9922636.08236283
623	782658.799341691	9922632.11057366
624	782661.836592229	9922628.1387845
625	782664.873842766	9922624.16699533
626	782667.911093304	9922620.19520617
627	782670.948343842	9922616.223417
628	782673.98559438	9922612.25162784
629	782677.022844918	9922608.27983867
630	782680.060095456	9922604.30804951
631	782683.097345994	9922600.33626034
632	782686.134596531	9922596.36447118
633	782689.171847069	9922592.39268201
634	782692.209097607	9922588.42089285
635	782695.246348145	9922584.44910368
636	782698.283598683	9922580.47731452
637	782701.320849221	9922576.50552535
638	782704.358099759	9922572.53373619
639	782707.395350296	9922568.56194702
640	782710.432600834	9922564.59015786
641	782713.469851372	9922560.61836869
642	782716.50710191	9922556.64657953
643	782719.544352448	9922552.67479036
644	782722.581602986	9922548.7030012
645	782725.618853524	9922544.73121203
646	782728.656104061	9922540.75942287
647	782731.693354599	9922536.7876337
648	782734.730605137	9922532.81584454
649	782737.767855675	9922528.84405537
650	782740.805106213	9922524.87226621
651	782743.842356751	9922520.90047704
652	782746.879607289	9922516.92868788
653	782749.916857826	9922512.95689872
654	782752.954108364	9922508.98510955
655	782755.991358902	9922505.01332038
656	782759.02860944	9922501.04153122
657	782762.065859978	9922497.06974206
658	782765.103110516	9922493.09795289
659	782768.140361054	9922489.12616372
660	782771.177611591	9922485.15437456
661	782774.214862129	9922481.1825854
662	782777.252112667	9922477.21079623
663	782780.289363205	9922473.23900707
664	782783.326613743	9922469.2672179
665	782786.363864281	9922465.29542874
666	782789.401114819	9922461.32363957
667	782792.438365356	9922457.35185041
668	782795.475615894	9922453.38006124
669	782798.512866432	9922449.40827208
670	782801.55011697	9922445.43648291
671	782804.587367508	9922441.46469375
672	782807.624618046	9922437.49290458
673	782810.661868584	9922433.52111542
674	782813.699119121	9922429.54932625
675	782816.736369659	9922425.57753709
676	782819.773620197	9922421.60574792
677	782822.810870735	9922417.63395876
678	782825.848121273	9922413.66216959
679	782828.885371811	9922409.69038043
680	782831.922622349	9922405.71859126
681	782834.959872886	9922401.7468021
682	782837.997123424	9922397.77501293
683	782841.034373962	9922393.80322377
684	782844.0716245	9922389.8314346
685	782847.108875038	9922385.85964544
686	782850.146125576	9922381.88785627
687	782853.183376114	9922377.91606711
688	782856.220626651	9922373.94427794
689	782859.257877189	9922369.97248878
690	782862.295127727	9922366.00069961
691	782865.332378265	9922362.02891045
692	782868.369628803	9922358.05712128
693	782871.406879341	9922354.08533212
694	782874.444129878	9922350.11354295
695	782877.481380416	9922346.14175379
696	782880.518630954	9922342.16996462
697	782883.555881492	9922338.19817546
698	782886.59313203	9922334.2263863
699	782889.630382568	9922330.25459713
700	782892.667633106	9922326.28280796
701	782895.704883643	9922322.3110188
702	782898.742134181	9922318.33922964
703	782901.779384719	9922314.36744047
704	782904.816635257	9922310.39565131
705	782907.853885795	9922306.42386214
706	782910.891136333	9922302.45207298
707	782913.928386871	9922298.48028381
708	782916.965637408	9922294.50849465
709	782920.002887946	9922290.53670548
710	782923.040138484	9922286.56491632
711	782926.077389022	9922282.59312715
712	782929.11463956	9922278.62133799
713	782932.151890098	9922274.64954882
714	782935.189140636	9922270.67775966
715	782938.226391173	9922266.70597049
716	782941.263641711	9922262.73418133
717	782944.300892249	9922258.76239216
718	782947.338142787	9922254.790603
719	782950.375393325	9922250.81881383
720	782953.412643863	9922246.84702467
721	782956.449894401	9922242.8752355
722	782959.487144938	9922238.90344634
723	782962.524395476	9922234.93165717
724	782965.561646014	9922230.95986801
725	782968.598896552	9922226.98807884
726	782971.63614709	9922223.01628968
727	782974.673397628	9922219.04450051
728	782977.710648166	9922215.07271135
729	782980.747898703	9922211.10092218
730	782983.785149241	9922207.12913302
731	782986.822399779	9922203.15734385
732	782989.859650317	9922199.18555469
733	782992.896900855	9922195.21376552
734	782995.934151393	9922191.24197636
735	782998.971401931	9922187.27018719
736	783002.008652468	9922183.29839803
737	783005.045903006	9922179.32660886
738	783008.083153544	9922175.3548197
739	783011.120404082	9922171.38303053
740	783014.15765462	9922167.41124137
741	783017.194905158	9922163.4394522
742	783020.232155696	9922159.46766304
743	783023.269406233	9922155.49587387
744	783026.306656771	9922151.52408471
745	783029.343907309	9922147.55229555
746	783032.381157847	9922143.58050638
747	783035.418408385	9922139.60871722
748	783038.455658923	9922135.63692805
749	783041.492909461	9922131.66513889
750	783044.530159998	9922127.69334972
751	783047.567410536	9922123.72156056
752	783050.604661074	9922119.74977139
753	783053.641911612	9922115.77798223
754	783056.67916215	9922111.80619306
755	783059.716412688	9922107.8344039
756	783062.753663226	9922103.86261473
757	783065.790913763	9922099.89082557
758	783068.828164301	9922095.9190364
759	783071.865414839	9922091.94724724
760	783074.902665377	9922087.97545807
761	783077.939915915	9922084.00366891
762	783080.977166453	9922080.03187974
763	783084.014416991	9922076.06009058
764	783087.051667528	9922072.08830141
765	783090.088918066	9922068.11651225
766	783093.126168604	9922064.14472308
767	783096.163419142	9922060.17293392
768	783099.20066968	9922056.20114475
769	783102.237920218	9922052.22935559
770	783105.275170756	9922048.25756642
771	783108.312421293	9922044.28577726
772	783111.349671831	9922040.31398809
773	783114.386922369	9922036.34219893
774	783117.424172907	9922032.37040976
775	783120.461423445	9922028.3986206
776	783123.498673983	9922024.42683143
777	783126.535924521	9922020.45504227
778	783129.573175058	9922016.4832531
779	783132.610425596	9922012.51146394
780	783135.647676134	9922008.53967477
781	783138.684926672	9922004.56788561
782	783141.72217721	9922000.59609644
783	783144.759427748	9921996.62430728
784	783147.796678286	9921992.65251811
785	783150.833928823	9921988.68072895
786	783153.871179361	9921984.70893979
787	783156.908429899	9921980.73715062
788	783159.945680437	9921976.76536145
789	783162.982930975	9921972.79357229
790	783166.020181513	9921968.82178313
791	783169.057432051	9921964.84999396
792	783172.094682588	9921960.8782048
793	783175.131933126	9921956.90641563
794	783178.169183664	9921952.93462647
795	783181.206434202	9921948.9628373
796	783184.24368474	9921944.99104814
797	783187.280935278	9921941.01925897
798	783190.318185816	9921937.04746981
799	783193.355436353	9921933.07568064
800	783196.392686891	9921929.10389148
801	783199.429937429	9921925.13210231
802	783202.467187967	9921921.16031315
803	783205.504438505	9921917.18852398
804	783208.541689043	9921913.21673482
805	783211.578939581	9921909.24494565
806	783214.616190118	9921905.27315649
807	783217.653440656	9921901.30136732
808	783220.690691194	9921897.32957816
809	783223.727941732	9921893.35778899
810	783226.76519227	9921889.38599983
811	783229.802442808	9921885.41421066
812	783232.839693346	9921881.4424215
813	783235.876943883	9921877.47063233
814	783238.914194421	9921873.49884317
815	783241.951444959	9921869.527054
816	783244.988695497	9921865.55526484
817	783248.025946035	9921861.58347567
818	783251.057133705	9921857.60709494
819	783254.057133705	9921853.60709494
820	783257.057133705	9921849.60709494
821	783260.057133705	9921845.60709494
822	783263.057133705	9921841.60709494
823	783266.057133705	9921837.60709494
824	783269.057133705	9921833.60709494
825	783272.057133705	9921829.60709494
826	783275.057133705	9921825.60709494
827	783278.057133705	9921821.60709494
828	783281.057133705	9921817.60709494
829	783284.057133705	9921813.60709494
830	783287.057133705	9921809.60709494
831	783290.057133705	9921805.60709494
832	783293.057133705	9921801.60709494
833	783296.057133705	9921797.60709494
834	783299.057133705	9921793.60709494
835	783302.057133705	9921789.60709494
836	783305.057133705	9921785.60709494
837	783308.057133705	9921781.60709494
838	783311.057133705	9921777.60709494
839	783314.057133705	9921773.60709494
840	783317.057133705	9921769.60709494
841	783320.057133705	9921765.60709494
842	783323.057133705	9921761.60709494
843	783326.057133705	9921757.60709494
844	783329.057133705	9921753.60709494
845	783332.057133705	9921749.60709494
846	783335.057133705	9921745.60709494
847	783338.057133705	9921741.60709494
848	783341.057133705	9921737.60709494
849	783344.057133705	9921733.60709494
850	783347.057133705	9921729.60709494
851	783350.057133705	9921725.60709494
852	783353.057133705	9921721.60709494
853	783356.057133705	9921717.60709494
854	783359.057133705	9921713.60709494
855	783362.057133705	9921709.60709494
856	783365.057133705	9921705.60709494
857	783368.057133705	9921701.60709494
858	783371.057133705	9921697.60709494
859	783374.057133705	9921693.60709494
860	783377.057133705	9921689.60709494
861	783380.057133705	9921685.60709494
862	783383.057133705	9921681.60709494
863	783386.057133705	9921677.60709494
864	783389.057133705	9921673.60709494
865	783392.409838956	9921669.99109269
866	783396.649830476	9921667.34109799
867	783400.889821996	9921664.69110329
868	783405.129813516	9921662.04110859
869	783409.369805036	9921659.39111389
870	783413.609796556	9921656.74111919
871	783417.849788076	9921654.09112449
872	783422.089779596	9921651.44112979
873	783426.329771116	9921648.79113509
874	783430.569762636	9921646.14114039
875	783434.809754157	9921643.49114569
876	783439.049745676	9921640.84115099
877	783443.289737197	9921638.19115629
878	783447.529728717	9921635.54116159
879	783451.769720237	9921632.89116689
880	783456.009711757	9921630.24117219
881	783460.249703277	9921627.59117749
882	783464.489694797	9921624.94118279
883	783468.729686317	9921622.29118809
884	783472.969677837	9921619.64119339
885	783477.209669357	9921616.99119869
886	783481.449660877	9921614.34120399
887	783485.689652397	9921611.69120929
888	783489.929643917	9921609.04121459
889	783494.169635437	9921606.39121989
890	783498.409626957	9921603.74122519
891	783502.649618477	9921601.09123049
892	783506.889609997	9921598.44123579
893	783511.129601517	9921595.79124109
894	783515.369593037	9921593.14124639
895	783519.609584557	9921590.49125169
896	783523.849576077	9921587.84125699
897	783528.089567597	9921585.19126229
898	783532.329559117	9921582.54126759
899	783536.569550637	9921579.89127289
900	783540.809542157	9921577.24127819
901	783545.049533677	9921574.59128349
902	783549.289525197	9921571.94128879
903	783553.529516717	9921569.29129409
904	783557.769508237	9921566.64129939
905	783562.009499757	9921563.99130469
906	783566.249491277	9921561.34130999
907	783570.489482797	9921558.69131529
908	783574.729474317	9921556.04132059
909	783578.969465837	9921553.39132589
910	783583.209457357	9921550.74133119
911	783587.449448877	9921548.09133649
912	783591.689440397	9921545.44134179
913	783595.929431917	9921542.79134709
914	783600.169423437	9921540.14135239
915	783604.409414957	9921537.49135769
916	783608.649406477	9921534.84136299
917	783612.889397997	9921532.19136829
918	783617.129389517	9921529.54137359
919	783621.369381038	9921526.89137889
920	783625.609372557	9921524.24138419
921	783629.849364078	9921521.59138949
922	783634.089355598	9921518.94139479
923	783638.329347118	9921516.29140009
924	783642.569338638	9921513.64140539
925	783646.809330158	9921510.99141069
926	783651.049321678	9921508.34141599
927	783655.289313198	9921505.69142129
928	783659.529304718	9921503.04142659
929	783663.769296238	9921500.39143189
930	783668.009287758	9921497.74143719
931	783672.249279278	9921495.09144249
932	783676.489270798	9921492.44144779
933	783680.729262318	9921489.79145309
934	783684.969253838	9921487.14145839
935	783689.209245358	9921484.49146369
936	783693.449236878	9921481.84146899
937	783697.689228398	9921479.19147429
938	783701.929219918	9921476.54147959
939	783706.169211438	9921473.89148489
940	783710.409202958	9921471.24149019
941	783714.649194478	9921468.59149549
942	783718.889185998	9921465.94150079
943	783723.129177518	9921463.29150609
944	783727.369169038	9921460.64151139
945	783731.609160558	9921457.99151669
946	783735.849152078	9921455.34152199
947	783740.089143598	9921452.69152729
948	783744.329135118	9921450.04153259
949	783748.569126638	9921447.39153789
950	783752.809118158	9921444.74154319
951	783757.049109678	9921442.09154849
952	783761.289101198	9921439.44155379
953	783765.529092718	9921436.79155909
954	783769.769084238	9921434.14156439
955	783774.009075758	9921431.49156969
956	783778.249067278	9921428.84157499
957	783782.489058798	9921426.19158029
958	783786.729050318	9921423.54158559
959	783790.969041838	9921420.89159089
960	783795.209033358	9921418.24159619
961	783799.449024878	9921415.59160149
962	783803.689016399	9921412.94160679
963	783807.929007919	9921410.29161209
964	783812.168999439	9921407.64161739
965	783816.408990959	9921404.99162269
966	783820.648982479	9921402.34162799
967	783824.888973999	9921399.69163329
968	783829.128965519	9921397.04163859
969	783833.368957039	9921394.39164389
970	783837.608948559	9921391.74164919
971	783841.848940079	9921389.09165449
972	783846.088931599	9921386.44165979
973	783850.328923119	9921383.79166509
974	783854.568914639	9921381.14167039
975	783858.808906159	9921378.49167569
976	783863.048897679	9921375.84168099
977	783867.288889199	9921373.19168629
978	783871.528880719	9921370.54169159
979	783875.768872239	9921367.89169689
980	783880.008863759	9921365.24170219
981	783884.248855279	9921362.59170749
982	783888.488846799	9921359.94171279
983	783892.728838319	9921357.29171809
984	783896.968829839	9921354.64172339
985	783901.208821359	9921351.99172869
986	783905.448812879	9921349.34173399
987	783909.688804399	9921346.69173929
988	783913.928795919	9921344.04174459
989	783918.168787439	9921341.39174989
990	783922.408778959	9921338.74175519
991	783926.648770479	9921336.09176049
992	783930.888761999	9921333.44176579
993	783935.128753519	9921330.79177109
994	783939.368745039	9921328.14177639
995	783943.608736559	9921325.49178169
996	783947.848728079	9921322.84178699
997	783952.088719599	9921320.19179229
998	783956.328711119	9921317.54179759
999	783960.568702639	9921314.89180289
1000	783964.808694159	9921312.24180819
1001	783969.048685679	9921309.59181349
1002	783973.2886772	9921306.94181879
1003	783977.528668719	9921304.29182409
1004	783981.76866024	9921301.64182939
1005	783986.008651759	9921298.99183469
1006	783990.24864328	9921296.34183999
1007	783994.4886348	9921293.69184529
1008	783998.72862632	9921291.04185059
1009	784002.96861784	9921288.39185589
1010	784007.20860936	9921285.74186119
1011	784011.44860088	9921283.09186649
1012	784015.6885924	9921280.44187179
1013	784019.92858392	9921277.79187709
1014	784024.16857544	9921275.14188239
1015	784028.40856696	9921272.49188769
1016	784032.64855848	9921269.84189299
1017	784036.88855	9921267.19189829
1018	784041.12854152	9921264.54190359
1019	784045.36853304	9921261.89190889
1020	784049.60852456	9921259.24191419
1021	784053.84851608	9921256.59191949
1022	784058.0885076	9921253.94192479
1023	784062.32849912	9921251.29193009
1024	784066.56849064	9921248.64193539
1025	784070.80848216	9921245.99194069
1026	784075.04847368	9921243.34194599
1027	784079.2884652	9921240.69195129
1028	784083.52845672	9921238.04195659
1029	784087.76844824	9921235.39196189
1030	784092.00843976	9921232.74196719
1031	784096.24843128	9921230.09197249
1032	784100.4884228	9921227.44197779
1033	784104.72841432	9921224.79198309
1034	784108.96840584	9921222.14198839
1035	784113.20839736	9921219.49199369
1036	784117.44838888	9921216.84199899
1037	784121.6883804	9921214.19200429
1038	784125.92837192	9921211.54200959
1039	784130.16836344	9921208.89201489
1040	784134.40835496	9921206.24202019
1041	784138.64834648	9921203.59202549
1042	784143.070009119	9921201.31832116
1043	784147.782147846	9921199.64627193
1044	784152.494286574	9921197.97422271
1045	784157.206425301	9921196.30217348
1046	784161.918564028	9921194.63012425
1047	784166.630702756	9921192.95807503
1048	784171.342841483	9921191.2860258
1049	784176.054980211	9921189.61397658
1050	784180.767118938	9921187.94192735
1051	784185.479257665	9921186.26987812
1052	784190.191396393	9921184.5978289
1053	784194.90353512	9921182.92577967
1054	784199.615673848	9921181.25373045
1055	784204.327812575	9921179.58168122
1056	784209.039951302	9921177.909632
1057	784213.75209003	9921176.23758277
1058	784218.464228757	9921174.56553354
1059	784223.176367485	9921172.89348432
1060	784227.888506212	9921171.22143509
1061	784232.600644939	9921169.54938587
1062	784237.312783667	9921167.87733664
1063	784242.024922394	9921166.20528742
1064	784246.737061122	9921164.53323819
1065	784251.449199849	9921162.86118896
1066	784256.161338576	9921161.18913974
1067	784260.873477304	9921159.51709051
1068	784265.585616031	9921157.84504129
1069	784270.297754759	9921156.17299206
1070	784275.009893486	9921154.50094283
1071	784279.722032214	9921152.82889361
1072	784284.434170941	9921151.15684438
1073	784289.146309668	9921149.48479516
1074	784293.858448396	9921147.81274593
1075	784298.570587123	9921146.1406967
1076	784303.282725851	9921144.46864748
1077	784307.994864578	9921142.79659825
1078	784312.707003305	9921141.12454903
1079	784317.419142033	9921139.4524998
1080	784322.13128076	9921137.78045058
1081	784326.843419488	9921136.10840135
1082	784331.555558215	9921134.43635212
1083	784336.267696942	9921132.7643029
1084	784340.97983567	9921131.09225367
1085	784345.691974397	9921129.42020445
1086	784350.404113125	9921127.74815522
1087	784355.116251852	9921126.076106
1088	784359.828390579	9921124.40405677
1089	784364.540529307	9921122.73200754
1090	784369.252668034	9921121.05995832
1091	784373.964806762	9921119.38790909
1092	784378.676945489	9921117.71585987
1093	784383.389084217	9921116.04381064
1094	784388.101222944	9921114.37176141
1095	784392.813361671	9921112.69971219
1096	784397.525500399	9921111.02766296
1097	784402.237639126	9921109.35561374
1098	784406.949777854	9921107.68356451
1099	784411.661916581	9921106.01151528
1100	784416.374055308	9921104.33946606
1101	784421.086194036	9921102.66741683
1102	784425.798332763	9921100.99536761
1103	784430.510471491	9921099.32331838
1104	784435.222610218	9921097.65126915
1105	784439.934748945	9921095.97921993
1106	784444.646887673	9921094.3071707
1107	784449.3590264	9921092.63512148
1108	784454.071165128	9921090.96307225
1109	784458.783303855	9921089.29102303
1110	784463.495442582	9921087.6189738
1111	784468.20758131	9921085.94692457
1112	784472.919720037	9921084.27487535
1113	784477.631858765	9921082.60282612
1114	784482.343997492	9921080.9307769
1115	784487.05613622	9921079.25872767
1116	784491.768274947	9921077.58667845
1117	784496.480413674	9921075.91462922
1118	784501.192552402	9921074.24257999
1119	784505.904691129	9921072.57053077
1120	784510.616829857	9921070.89848154
1121	784515.328968584	9921069.22643232
1122	784520.041107311	9921067.55438309
1123	784524.753246039	9921065.88233386
1124	784529.465384766	9921064.21028464
1125	784534.177523494	9921062.53823541
1126	784538.889662221	9921060.86618619
1127	784543.601800948	9921059.19413696
1128	784548.313939676	9921057.52208773
1129	784553.026078403	9921055.85003851
1130	784557.738217131	9921054.17798928
1131	784562.450355858	9921052.50594006
1132	784567.162494585	9921050.83389083
1133	784571.874633313	9921049.1618416
1134	784576.58677204	9921047.48979238
1135	784581.298910768	9921045.81774315
1136	784586.011049495	9921044.14569393
1137	784590.723188223	9921042.4736447
1138	784595.43532695	9921040.80159548
1139	784600.147465677	9921039.12954625
1140	784604.859604405	9921037.45749702
1141	784609.571743132	9921035.7854478
1142	784614.28388186	9921034.11339857
1143	784618.996020587	9921032.44134935
1144	784623.708159314	9921030.76930012
1145	784628.420298042	9921029.0972509
1146	784633.132436769	9921027.42520167
1147	784637.844575497	9921025.75315244
1148	784642.556714224	9921024.08110322
1149	784647.268852951	9921022.40905399
1150	784651.980991679	9921020.73700477
1151	784656.693130406	9921019.06495554
1152	784661.405269134	9921017.39290631
1153	784666.117407861	9921015.72085709
1154	784670.829546588	9921014.04880786
1155	784675.541685316	9921012.37675864
1156	784680.253824043	9921010.70470941
1157	784684.965962771	9921009.03266018
1158	784689.678101498	9921007.36061096
1159	784694.390240225	9921005.68856173
1160	784699.102378953	9921004.01651251
1161	784703.81451768	9921002.34446328
1162	784708.526656408	9921000.67241406
1163	784713.238795135	9920999.00036483
1164	784717.950933862	9920997.3283156
1165	784722.66307259	9920995.65626638
1166	784727.375211317	9920993.98421715
1167	784732.087350045	9920992.31216793
1168	784736.799488772	9920990.6401187
1169	784741.511627499	9920988.96806948
1170	784746.223766227	9920987.29602025
1171	784750.935904954	9920985.62397102
1172	784755.648043682	9920983.9519218
1173	784760.360182409	9920982.27987257
1174	784765.072321137	9920980.60782335
1175	784769.784459864	9920978.93577412
1176	784774.496598591	9920977.26372489
1177	784779.208737319	9920975.59167567
1178	784783.920876046	9920973.91962644
1179	784788.633014774	9920972.24757722
1180	784793.345153501	9920970.57552799
1181	784798.057292228	9920968.90347876
1182	784802.769430956	9920967.23142954
1183	784807.481569683	9920965.55938031
1184	784812.193708411	9920963.88733109
1185	784816.905847138	9920962.21528186
1186	784821.617985865	9920960.54323263
1187	784826.330124593	9920958.87118341
1188	784831.04226332	9920957.19913418
1189	784835.754402048	9920955.52708496
1190	784840.466540775	9920953.85503573
1191	784845.178679502	9920952.18298651
1192	784849.89081823	9920950.51093728
1193	784854.602956957	9920948.83888805
1194	784859.315095685	9920947.16683883
1195	784864.027234412	9920945.4947896
1196	784868.73937314	9920943.82274038
1197	784873.451511867	9920942.15069115
1198	784878.163650594	9920940.47864193
1199	784882.875789322	9920938.8065927
1200	784887.587928049	9920937.13454347
1201	784892.300066777	9920935.46249425
1202	784897.012205504	9920933.79044502
1203	784901.724344231	9920932.1183958
1204	784906.436482959	9920930.44634657
1205	784911.148621686	9920928.77429734
1206	784915.860760414	9920927.10224812
1207	784920.572899141	9920925.43019889
1208	784925.285037868	9920923.75814967
1209	784929.997176596	9920922.08610044
1210	784934.709315323	9920920.41405121
1211	784939.421454051	9920918.74200199
1212	784944.133592778	9920917.06995276
1213	784948.845731505	9920915.39790354
1214	784953.557870233	9920913.72585431
1215	784958.27000896	9920912.05380508
1216	784962.982147688	9920910.38175586
1217	784967.694286415	9920908.70970663
1218	784972.406425143	9920907.03765741
1219	784977.11856387	9920905.36560818
1220	784981.830702597	9920903.69355896
1221	784986.542841325	9920902.02150973
1222	784991.254980052	9920900.3494605
1223	784995.96711878	9920898.67741128
1224	785000.679257507	9920897.00536205
1225	785005.391396234	9920895.33331283
1226	785010.103534962	9920893.6612636
1227	785014.815673689	9920891.98921438
1228	785019.527812417	9920890.31716515
1229	785024.239951144	9920888.64511592
1230	785028.952089871	9920886.9730667
1231	785033.664228599	9920885.30101747
1232	785038.376367326	9920883.62896825
1233	785043.088506054	9920881.95691902
1234	785047.800644781	9920880.28486979
1235	785052.512783508	9920878.61282057
1236	785057.224922236	9920876.94077134
1237	785061.937060963	9920875.26872212
1238	785066.649199691	9920873.59667289
1239	785071.361338418	9920871.92462366
1240	785076.073477145	9920870.25257444
1241	785080.785615873	9920868.58052521
1242	785085.4977546	9920866.90847599
1243	785090.209893328	9920865.23642676
1244	785094.922032055	9920863.56437754
1245	785099.634170783	9920861.89232831
1246	785104.34630951	9920860.22027908
1247	785109.058448237	9920858.54822986
1248	785113.770586965	9920856.87618063
1249	785118.482725692	9920855.20413141
1250	785123.19486442	9920853.53208218
1251	785127.907003147	9920851.86003296
1252	785132.619141874	9920850.18798373
1253	785137.331280602	9920848.5159345
1254	785142.043419329	9920846.84388528
1255	785146.755558057	9920845.17183605
1256	785151.467696784	9920843.49978683
1257	785156.179835511	9920841.8277376
1258	785160.891974239	9920840.15568837
1259	785165.604112966	9920838.48363915
1260	785170.316251694	9920836.81158992
1261	785175.028390421	9920835.1395407
1262	785179.740529148	9920833.46749147
1263	785184.452667876	9920831.79544224
1264	785189.164806603	9920830.12339302
1265	785193.876945331	9920828.45134379
1266	785198.589084058	9920826.77929457
1267	785203.301222785	9920825.10724534
1268	785208.013361513	9920823.43519611
1269	785212.72550024	9920821.76314689
1270	785217.437638968	9920820.09109766
1271	785222.149777695	9920818.41904844
1272	785226.861916422	9920816.74699921
1273	785231.57405515	9920815.07494999
1274	785236.286193877	9920813.40290076
1275	785240.998332605	9920811.73085153
1276	785245.710471332	9920810.05880231
1277	785250.422610059	9920808.38675308
1278	785255.134748787	9920806.71470386
1279	785259.846887514	9920805.04265463
1280	785264.559026242	9920803.37060541
1281	785269.271164969	9920801.69855618
1282	785273.983303697	9920800.02650695
1283	785278.695442424	9920798.35445773
1284	785283.407581151	9920796.6824085
1285	785288.119719879	9920795.01035928
1286	785292.831858606	9920793.33831005
1287	785297.543997334	9920791.66626082
1288	785302.256136061	9920789.9942116
1289	785306.968274788	9920788.32216237
1290	785311.680413516	9920786.65011315
1291	785316.392552243	9920784.97806392
1292	785321.104690971	9920783.30601469
1293	785325.816829698	9920781.63396547
1294	785330.528968425	9920779.96191624
1295	785335.241107153	9920778.28986702
1296	785339.95324588	9920776.61781779
1297	785344.665384608	9920774.94576856
1298	785349.377523335	9920773.27371934
1299	785354.089662062	9920771.60167011
1300	785358.80180079	9920769.92962089
1301	785363.513939517	9920768.25757166
1302	785368.226078245	9920766.58552244
1303	785372.938216972	9920764.91347321
1304	785377.6503557	9920763.24142398
1305	785382.362494427	9920761.56937476
1306	785387.074633154	9920759.89732553
1307	785391.786771882	9920758.22527631
1308	785396.498910609	9920756.55322708
1309	785401.211049337	9920754.88117786
1310	785405.923188064	9920753.20912863
1311	785410.635326791	9920751.5370794
1312	785415.347465519	9920749.86503018
1313	785420.059604246	9920748.19298095
1314	785424.771742974	9920746.52093173
1315	785429.483881701	9920744.8488825
1316	785434.196020428	9920743.17683327
1317	785438.908159156	9920741.50478405
1318	785443.620297883	9920739.83273482
1319	785448.332436611	9920738.1606856
1320	785453.044575338	9920736.48863637
1321	785457.756714065	9920734.81658714
1322	785462.468852793	9920733.14453792
1323	785467.18099152	9920731.47248869
1324	785471.893130248	9920729.80043947
1325	785476.605268975	9920728.12839024
1326	785481.317407703	9920726.45634102
1327	785486.02954643	9920724.78429179
1328	785490.741685157	9920723.11224256
1329	785495.453823885	9920721.44019334
1330	785500.165962612	9920719.76814411
1331	785504.87810134	9920718.09609489
1332	785509.590240067	9920716.42404566
1333	785514.302378794	9920714.75199644
1334	785519.014517522	9920713.07994721
1335	785523.726656249	9920711.40789798
1336	785528.438794977	9920709.73584876
1337	785533.150933704	9920708.06379953
1338	785537.863072431	9920706.39175031
1339	785542.575211159	9920704.71970108
1340	785547.287349886	9920703.04765185
1341	785551.999488614	9920701.37560263
1342	785556.711627341	9920699.7035534
1343	785561.423766068	9920698.03150418
1344	785566.135904796	9920696.35945495
1345	785570.848043523	9920694.68740573
1346	785575.560182251	9920693.0153565
1347	785580.272320978	9920691.34330727
1348	785584.984459706	9920689.67125805
1349	785589.696598433	9920687.99920882
1350	785594.40873716	9920686.3271596
1351	785599.319836738	9920685.39361145
1352	785604.234197673	9920684.47216877
1353	785609.148558607	9920683.5507261
1354	785614.062919542	9920682.62928342
1355	785618.977280477	9920681.70784074
1356	785623.891641411	9920680.78639807
1357	785628.806002346	9920679.86495539
1358	785633.720363281	9920678.94351272
1359	785638.634724215	9920678.02207004
1360	785643.54908515	9920677.10062737
1361	785648.463446085	9920676.17918469
1362	785653.377807019	9920675.25774202
1363	785658.292167954	9920674.33629934
1364	785663.206528889	9920673.41485667
1365	785668.120889823	9920672.49341399
1366	785673.035250758	9920671.57197132
1367	785677.949611693	9920670.65052864
1368	785682.863972627	9920669.72908597
1369	785687.778333562	9920668.80764329
1370	785692.692694497	9920667.88620062
1371	785697.607055431	9920666.96475794
1372	785702.521416366	9920666.04331527
1373	785707.435777301	9920665.12187259
1374	785712.350138235	9920664.20042991
1375	785717.26449917	9920663.27898724
1376	785722.178860105	9920662.35754456
1377	785727.093221039	9920661.43610189
1378	785732.007581974	9920660.51465921
1379	785736.921942909	9920659.59321654
1380	785741.836303843	9920658.67177386
1381	785746.750664778	9920657.75033119
1382	785751.665025713	9920656.82888851
1383	785756.579386647	9920655.90744584
1384	785761.493747582	9920654.98600316
1385	785766.408108517	9920654.06456049
1386	785771.322469451	9920653.14311781
1387	785776.236830386	9920652.22167514
1388	785781.151191321	9920651.30023246
1389	785786.065552255	9920650.37878979
1390	785790.97991319	9920649.45734711
1391	785795.894274125	9920648.53590444
1392	785800.808635059	9920647.61446176
1393	785805.722995994	9920646.69301908
1394	785810.637356929	9920645.77157641
1395	785815.551717863	9920644.85013373
1396	785820.466078798	9920643.92869106
1397	785825.380439733	9920643.00724838
1398	785830.294800667	9920642.08580571
1399	785835.209161602	9920641.16436303
1400	785840.123522537	9920640.24292036
1401	785845.037883471	9920639.32147768
1402	785849.952244406	9920638.40003501
1403	785854.866605341	9920637.47859233
1404	785859.780966275	9920636.55714966
1405	785864.69532721	9920635.63570698
1406	785869.609688145	9920634.71426431
1407	785874.52404908	9920633.79282163
1408	785879.438410014	9920632.87137896
1409	785884.352770949	9920631.94993628
1410	785889.267131884	9920631.02849361
1411	785894.181492818	9920630.10705093
1412	785899.095853753	9920629.18560825
1413	785904.010214688	9920628.26416558
1414	785908.924575622	9920627.3427229
1415	785913.838936557	9920626.42128023
1416	785918.753297492	9920625.49983755
1417	785923.667658426	9920624.57839488
1418	785928.582019361	9920623.6569522
1419	785933.496380295	9920622.73550953
1420	785938.41074123	9920621.81406685
1421	785943.325102165	9920620.89262418
1422	785948.2394631	9920619.9711815
1423	785953.153824034	9920619.04973883
1424	785958.068184969	9920618.12829615
1425	785962.982545904	9920617.20685348
1426	785967.896906838	9920616.2854108
1427	785972.811267773	9920615.36396813
1428	785977.725628708	9920614.44252545
1429	785982.639989642	9920613.52108278
1430	785987.554350577	9920612.5996401
1431	785992.468711512	9920611.67819742
1432	785997.383072446	9920610.75675475
1433	786002.297433381	9920609.83531207
1434	786007.211794316	9920608.9138694
1435	786012.12615525	9920607.99242672
1436	786017.040516185	9920607.07098405
1437	786021.95487712	9920606.14954137
1438	786026.869238054	9920605.2280987
1439	786031.783598989	9920604.30665602
1440	786036.697959924	9920603.38521335
1441	786041.612320858	9920602.46377067
1442	786046.526681793	9920601.542328
1443	786051.441042728	9920600.62088532
1444	786056.355403662	9920599.69944265
1445	786061.269764597	9920598.77799997
1446	786066.184125532	9920597.8565573
1447	786071.098486466	9920596.93511462
1448	786076.012847401	9920596.01367195
1449	786080.927208336	9920595.09222927
1450	786085.84156927	9920594.17078659
1451	786090.755930205	9920593.24934392
1452	786095.67029114	9920592.32790124
1453	786100.584652074	9920591.40645857
1454	786105.499013009	9920590.48501589
1455	786110.413373944	9920589.56357322
1456	786115.327734878	9920588.64213054
1457	786120.242095813	9920587.72068787
1458	786125.156456748	9920586.79924519
1459	786130.070817682	9920585.87780252
1460	786134.985178617	9920584.95635984
1461	786139.899539552	9920584.03491717
1462	786144.813900486	9920583.11347449
1463	786149.728261421	9920582.19203182
1464	786154.642622356	9920581.27058914
1465	786159.55698329	9920580.34914647
1466	786164.471344225	9920579.42770379
1467	786169.38570516	9920578.50626112
1468	786174.300066094	9920577.58481844
1469	786179.214427029	9920576.66337577
1470	786184.128787964	9920575.74193309
1471	786189.043148898	9920574.82049041
1472	786193.957509833	9920573.89904774
1473	786198.871870768	9920572.97760506
1474	786203.786231702	9920572.05616239
1475	786208.700592637	9920571.13471971
1476	786213.614953572	9920570.21327704
1477	786218.529314506	9920569.29183436
1478	786223.443675441	9920568.37039169
1479	786228.358036376	9920567.44894901
1480	786233.27239731	9920566.52750634
1481	786238.186758245	9920565.60606366
1482	786243.10111918	9920564.68462099
1483	786248.015480114	9920563.76317831
1484	786252.929841049	9920562.84173564
1485	786257.844201984	9920561.92029296
1486	786262.758562918	9920560.99885029
1487	786267.672923853	9920560.07740761
1488	786272.587284788	9920559.15596494
1489	786277.501645722	9920558.23452226
1490	786282.416006657	9920557.31307958
1491	786287.330367592	9920556.39163691
1492	786292.244728526	9920555.47019423
1493	786297.159089461	9920554.54875156
1494	786302.073450396	9920553.62730888
1495	786306.98781133	9920552.70586621
1496	786311.902172265	9920551.78442353
1497	786316.8165332	9920550.86298086
1498	786321.730894134	9920549.94153818
1499	786326.645255069	9920549.02009551
1500	786331.559616004	9920548.09865283
1501	786336.473976939	9920547.17721016
1502	786341.388337873	9920546.25576748
1503	786346.331213862	9920545.75491092
1504	786351.324975556	9920546.004599
1505	786356.318737251	9920546.25428709
1506	786361.312498945	9920546.50397517
1507	786366.306260639	9920546.75366326
1508	786371.300022334	9920547.00335134
1509	786376.293784028	9920547.25303943
1510	786381.287545723	9920547.50272751
1511	786386.281307417	9920547.7524156
1512	786391.275069111	9920548.00210368
1513	786396.268830806	9920548.25179177
1514	786401.2625925	9920548.50147985
1515	786406.256354195	9920548.75116794
1516	786411.250115889	9920549.00085602
1517	786416.243877583	9920549.2505441
1518	786421.237639278	9920549.50023219
1519	786426.231400972	9920549.74992028
1520	786431.225162667	9920549.99960836
1521	786436.218924361	9920550.24929644
1522	786441.212686055	9920550.49898453
1523	786446.20644775	9920550.74867261
1524	786451.200209444	9920550.9983607
1525	786456.193971138	9920551.24804878
1526	786461.187732833	9920551.49773687
1527	786466.181494527	9920551.74742495
1528	786471.175256222	9920551.99711304
1529	786476.169017916	9920552.24680112
1530	786481.16277961	9920552.49648921
1531	786486.156541305	9920552.74617729
1532	786491.150302999	9920552.99586538
1533	786496.144064694	9920553.24555346
1534	786501.137826388	9920553.49524155
1535	786506.131588082	9920553.74492963
1536	786511.125349777	9920553.99461772
1537	786516.119111471	9920554.2443058
1538	786521.112873166	9920554.49399388
1539	786526.10663486	9920554.74368197
1540	786531.100396554	9920554.99337005
1541	786536.094158249	9920555.24305814
1542	786541.087919943	9920555.49274622
1543	786546.081681637	9920555.74243431
1544	786551.075443332	9920555.99212239
1545	786556.069205026	9920556.24181048
1546	786561.062966721	9920556.49149856
1547	786566.056728415	9920556.74118665
1548	786571.050490109	9920556.99087473
1549	786576.044251804	9920557.24056282
1550	786581.038013498	9920557.4902509
1551	786586.031775193	9920557.73993899
1552	786591.025536887	9920557.98962707
1553	786596.019298581	9920558.23931516
1554	786601.013060276	9920558.48900324
1555	786606.00682197	9920558.73869132
1556	786611.000583665	9920558.98837941
1557	786615.994345359	9920559.23806749
1558	786620.988107053	9920559.48775558
1559	786625.981868748	9920559.73744366
1560	786630.975630442	9920559.98713175
1561	786635.969392136	9920560.23681983
1562	786640.963153831	9920560.48650792
1563	786645.956915525	9920560.736196
1564	786650.95067722	9920560.98588409
1565	786655.944438914	9920561.23557217
1566	786660.938200608	9920561.48526026
1567	786665.931962303	9920561.73494834
1568	786670.925723997	9920561.98463643
1569	786675.919485692	9920562.23432451
1570	786680.913247386	9920562.48401259
1571	786685.90700908	9920562.73370068
1572	786690.900770775	9920562.98338876
1573	786695.894532469	9920563.23307685
1574	786700.888294164	9920563.48276493
1575	786705.882055858	9920563.73245302
1576	786710.875817552	9920563.9821411
1577	786715.869579247	9920564.23182919
1578	786720.863340941	9920564.48151727
1579	786725.857102635	9920564.73120536
1580	786730.85086433	9920564.98089344
1581	786735.844626024	9920565.23058153
1582	786740.838387719	9920565.48026961
1583	786745.832149413	9920565.7299577
1584	786750.825911107	9920565.97964578
1585	786755.819672802	9920566.22933387
1586	786760.813434496	9920566.47902195
1587	786765.807196191	9920566.72871003
1588	786770.800957885	9920566.97839812
1589	786775.794719579	9920567.22808621
1590	786780.788481274	9920567.47777429
1591	786785.782242968	9920567.72746237
1592	786790.776004663	9920567.97715046
1593	786795.769766357	9920568.22683854
1594	786800.763528051	9920568.47652663
1595	786805.757289746	9920568.72621471
1596	786810.75105144	9920568.9759028
1597	786815.744813135	9920569.22559088
1598	786820.738574829	9920569.47527897
1599	786825.732336523	9920569.72496705
1600	786830.726098218	9920569.97465514
1601	786835.719859912	9920570.22434322
1602	786840.713621606	9920570.47403131
1603	786845.707383301	9920570.72371939
1604	786850.701144995	9920570.97340748
1605	786855.69490669	9920571.22309556
1606	786860.688668384	9920571.47278365
1607	786865.682430078	9920571.72247173
1608	786870.676191773	9920571.97215981
1609	786875.669953467	9920572.2218479
1610	786880.663715161	9920572.47153598
1611	786885.657476856	9920572.72122407
1612	786890.65123855	9920572.97091215
1613	786895.645000245	9920573.22060024
1614	786900.638761939	9920573.47028832
1615	786905.632523634	9920573.71997641
1616	786910.626285328	9920573.96966449
1617	786915.620047022	9920574.21935258
1618	786920.613808717	9920574.46904066
1619	786925.607570411	9920574.71872875
1620	786930.601332105	9920574.96841683
1621	786935.5950938	9920575.21810492
1622	786940.588855494	9920575.467793
1623	786945.582617189	9920575.71748109
1624	786950.576378883	9920575.96716917
1625	786955.570140577	9920576.21685725
1626	786960.563902272	9920576.46654534
1627	786965.557663966	9920576.71623342
1628	786970.551425661	9920576.96592151
1629	786975.545187355	9920577.21560959
1630	786980.538949049	9920577.46529768
1631	786985.532710744	9920577.71498576
1632	786990.526472438	9920577.96467385
1633	786995.520234133	9920578.21436193
1634	787000.513995827	9920578.46405002
1635	787005.507757521	9920578.7137381
1636	787010.501519216	9920578.96342619
1637	787015.49528091	9920579.21311427
1638	787020.489042604	9920579.46280236
1639	787025.482804299	9920579.71249044
1640	787030.476565993	9920579.96217853
1641	787035.470327688	9920580.21186661
1642	787040.464089382	9920580.46155469
1643	787045.457851076	9920580.71124278
1644	787050.451612771	9920580.96093087
1645	787055.445374465	9920581.21061895
1646	787060.43913616	9920581.46030703
1647	787065.432897854	9920581.70999512
1648	787070.426659548	9920581.9596832
1649	787075.420421243	9920582.20937129
1650	787080.414182937	9920582.45905937
1651	787085.407944632	9920582.70874746
1652	787090.401706326	9920582.95843554
1653	787095.39546802	9920583.20812363
1654	787100.389229715	9920583.45781171
1655	787105.382991409	9920583.7074998
1656	787110.376753103	9920583.95718788
1657	787115.370514798	9920584.20687596
1658	787120.364276492	9920584.45656405
1659	787125.358038187	9920584.70625214
1660	787130.351799881	9920584.95594022
1661	787135.345561575	9920585.2056283
1662	787140.33932327	9920585.45531639
1663	787145.333084964	9920585.70500447
1664	787150.326846659	9920585.95469256
1665	787155.320608353	9920586.20438064
1666	787160.314370047	9920586.45406873
1667	787165.308131742	9920586.70375681
1668	787170.301893436	9920586.9534449
1669	787175.295655131	9920587.20313298
1670	787180.289416825	9920587.45282107
1671	787185.283178519	9920587.70250915
1672	787190.276940214	9920587.95219724
1673	787195.270701908	9920588.20188532
1674	787200.264463602	9920588.45157341
1675	787205.258225297	9920588.70126149
1676	787210.251986991	9920588.95094958
1677	787215.245748686	9920589.20063766
1678	787220.23951038	9920589.45032574
1679	787225.233272074	9920589.70001383
1680	787230.227033769	9920589.94970191
1681	787235.220795463	9920590.19939
1682	787240.214557158	9920590.44907808
1683	787245.208318852	9920590.69876617
1684	787250.202080546	9920590.94845425
1685	787255.195842241	9920591.19814234
1686	787260.189603935	9920591.44783042
1687	787265.18336563	9920591.69751851
1688	787270.177127324	9920591.94720659
1689	787275.170889018	9920592.19689468
1690	787280.164650713	9920592.44658276
1691	787285.143523903	9920592.8812651
1692	787290.112942576	9920593.43342273
1693	787295.08236125	9920593.98558036
1694	787300.051779923	9920594.53773799
1695	787305.021198596	9920595.08989562
1696	787309.99061727	9920595.64205325
1697	787314.960035943	9920596.19421088
1698	787319.929454617	9920596.74636851
1699	787324.89887329	9920597.29852615
1700	787329.868291963	9920597.85068377
1701	787334.837710637	9920598.40284141
1702	787339.80712931	9920598.95499904
1703	787344.776547983	9920599.50715667
1704	787349.745966657	9920600.0593143
1705	787354.71538533	9920600.61147193
1706	787359.684804004	9920601.16362956
1707	787364.654222677	9920601.71578719
1708	787369.62364135	9920602.26794482
1709	787374.593060024	9920602.82010245
1710	787379.562478697	9920603.37226008
1711	787384.53189737	9920603.92441771
1712	787389.501316044	9920604.47657534
1713	787394.470734717	9920605.02873297
1714	787399.440153391	9920605.5808906
1715	787404.409572064	9920606.13304823
1716	787409.378990737	9920606.68520586
1717	787414.348409411	9920607.23736349
1718	787419.317828084	9920607.78952112
1719	787424.287246757	9920608.34167875
1720	787429.256665431	9920608.89383638
1721	787434.226084104	9920609.44599401
1722	787439.195502777	9920609.99815164
1723	787444.164921451	9920610.55030927
1724	787449.134340124	9920611.10246691
1725	787454.103758798	9920611.65462453
1726	787459.073177471	9920612.20678217
1727	787464.042596144	9920612.7589398
1728	787469.012014818	9920613.31109743
1729	787473.981433491	9920613.86325506
1730	787478.950852164	9920614.41541269
1731	787483.920270838	9920614.96757032
1732	787488.889689511	9920615.51972795
1733	787493.859108184	9920616.07188558
1734	787498.828526858	9920616.62404321
1735	787503.797945531	9920617.17620084
1736	787508.767364205	9920617.72835847
1737	787513.736782878	9920618.2805161
1738	787518.706201551	9920618.83267373
1739	787523.675620225	9920619.38483136
1740	787528.645038898	9920619.93698899
1741	787533.614457571	9920620.48914662
1742	787538.583876245	9920621.04130425
1743	787543.553294918	9920621.59346188
1744	787548.522713591	9920622.14561951
1745	787553.492132265	9920622.69777714
1746	787558.461550938	9920623.24993477
1747	787563.430969612	9920623.8020924
1748	787568.400388285	9920624.35425003
1749	787573.369806958	9920624.90640766
1750	787578.339225632	9920625.45856529
1751	787583.308644305	9920626.01072293
1752	787588.278062978	9920626.56288056
1753	787593.247481652	9920627.11503819
1754	787598.216900325	9920627.66719582
1755	787603.186318998	9920628.21935345
1756	787608.155737672	9920628.77151108
1757	787613.125156345	9920629.32366871
1758	787618.094575019	9920629.87582634
1759	787623.063993692	9920630.42798397
1760	787628.033412365	9920630.9801416
1761	787633.002831039	9920631.53229923
1762	787637.972249712	9920632.08445686
1763	787642.941668385	9920632.63661449
1764	787647.911087059	9920633.18877212
1765	787652.880505732	9920633.74092975
1766	787657.849924405	9920634.29308738
1767	787662.819343079	9920634.84524501
1768	787667.788761752	9920635.39740264
1769	787672.758180426	9920635.94956027
1770	787677.727599099	9920636.5017179
1771	787682.697017772	9920637.05387553
1772	787687.666436446	9920637.60603316
1773	787692.635855119	9920638.15819079
1774	787697.605273792	9920638.71034842
1775	787702.574692466	9920639.26250605
