njear	nrios	ntramo	ndist	xcoor	ycoor	dx	dt
1	171	0	0	781190.230494	9922160.699494	30	0
1	171	0	45	781161.230494	9922131.699494	45	0
1	171	0	90	781132.230494	9922102.699494	45	0
1	171	0	120	781103.230494	9922102.699494	30	0
1	171	0	165	781074.230494	9922073.699494	45	0
1	171	0	195	781045.230494	9922073.699494	30	0
1	171	0	225	781016.230494	9922073.699494	30	0
1	171	0	270	780987.230494	9922102.699494	45	0
1	171	0	300	780958.230494	9922102.699494	30	0
1	171	0	330	780929.230494	9922102.699494	30	0
1	171	0	360	780900.230494	9922102.699494	30	0
1	171	0	405	780871.230494	9922131.699494	45	0
1	171	0	435	780842.230494	9922131.699494	30	0
1	171	0	480	780813.230494	9922160.699494	45	0
1	171	0	510	780784.230494	9922160.699494	30	0
1	171	0	540	780755.230494	9922160.699494	30	0
1	171	0	570	780726.230494	9922160.699494	30	0
1	171	0	615	780697.230494	9922189.699494	45	0
1	171	0	645	780668.230494	9922189.699494	30	0
1	171	0	675	780639.230494	9922189.699494	30	0
1	171	0	705	780610.230494	9922189.699494	30	0
1	171	0	734.99	780581.230494	9922189.699494	30	0
1	171	0	764.99	780552.230494	9922189.699494	30	0
1	171	0	794.99	780523.230494	9922189.699494	30	0
1	171	0	839.99	780494.230494	9922160.699494	45	0
1	171	0	869.99	780465.230494	9922160.699494	30	0
1	171	0	899.99	780436.230494	9922160.699494	30	0
1	171	0	929.99	780407.230494	9922160.699494	30	0
1	171	0	974.99	780378.230494	9922189.699494	45	0
1	171	0	1019.99	780349.230494	9922218.699494	45	0
1	171	0	1049.99	780320.230494	9922218.699494	30	0
1	171	0	1079.99	780291.230494	9922218.699494	30	0
1	171	0	1109.99	780262.230494	9922218.699494	30	0
1	171	0	1139.99	780233.230494	9922218.699494	30	0
1	171	0	1169.99	780204.230494	9922218.699494	30	0
1	171	0	1199.99	780175.230494	9922218.699494	30	0
1	171	0	1244.99	780146.230494	9922247.699494	45	0
1	171	0	1289.99	780117.230494	9922276.699494	45	0
1	171	0	1319.99	780088.230494	9922276.699494	30	0
1	171	0	1349.99	780030.230494	9922247.699494	30	0
1	171	0	1394.99	780001.230494	9922218.699494	45	0
1	171	0	1424.99	779972.230494	9922218.699494	30	0
1	171	0	1454.99	779943.230494	9922218.699494	30	0
1	171	0	1484.99	779914.230494	9922218.699494	30	0
1	171	0	1514.99	779885.230494	9922218.699494	30	0
1	171	0	1559.99	779856.230494	9922189.699494	45	0
1	171	0	1604.99	779827.230494	9922160.699494	45	0
1	171	0	1634.99	779798.230494	9922160.699494	30	0
1	171	0	1679.99	779769.230494	9922131.699494	45	0
1	171	0	1709.99	779740.230494	9922131.699494	30	0
1	171	0	1754.99	779711.230494	9922102.699494	45	0
1	171	0	1799.99	779682.230494	9922073.699494	45	0
1	171	0	1844.99	779653.230494	9922044.699494	45	0
1	171	0	1889.99	779624.230494	9922073.699494	45	0
1	171	0	1919.99	779595.230494	9922073.699494	30	0
1	171	0	1964.99	779566.230494	9922102.699494	45	0
1	171	0	2009.99	779537.230494	9922073.699494	45	0
1	171	0	2039.98	779508.230494	9922073.699494	30	0
1	171	0	2069.98	779479.230494	9922073.699494	30	0
1	171	0	2099.98	779450.230494	9922073.699494	30	0
1	171	0	2129.98	779421.230494	9922073.699494	30	0
1	171	0	2159.98	779392.230494	9922073.699494	30	0
1	171	0	2204.98	779363.230494	9922102.699494	45	0
1	171	0	2234.98	779334.230494	9922102.699494	30	0
1	171	0	2264.98	779305.230494	9922102.699494	30	0
1	171	0	2309.98	779276.230494	9922131.699494	45	0
1	171	0	2339.98	779247.230494	9922131.699494	30	0
1	171	0	2369.98	779218.230494	9922131.699494	30	0
1	171	0	2414.98	779189.230494	9922102.699494	45	0
1	171	0	2444.98	779160.230494	9922102.699494	30	0
1	171	0	2474.98	779131.230494	9922102.699494	30	0
1	171	0	2519.98	779102.230494	9922073.699494	45	0
1	171	0	2564.98	779073.230494	9922044.699494	45	0
1	171	0	2609.98	779044.230494	9922015.699494	45	0
1	171	0	2639.98	779015.230494	9922015.699494	30	0
1	171	0	2669.98	778986.230494	9922015.699494	30	0
1	171	0	2699.98	778957.230494	9922015.699494	30	0
1	171	0	2729.98	778928.230494	9922015.699494	30	0
1	171	0	2774.98	778899.230494	9921986.699494	45	0
1	171	0	2804.98	778870.230494	9921986.699494	30	0
1	171	0	2849.98	778841.230494	9921957.699494	45	0
1	171	0	2894.98	778812.230494	9921928.699494	45	0
1	171	0	2924.98	778783.230494	9921928.699494	30	0
1	171	0	2954.98	778754.230494	9921928.699494	30	0
1	171	0	2984.98	778725.230494	9921928.699494	30	0
1	171	0	3014.98	778696.230494	9921928.699494	30	0
1	171	0	3059.98	778667.230494	9921899.699494	45	0
1	171	0	3089.98	778638.230494	9921899.699494	30	0
1	171	0	3119.98	778609.230494	9921899.699494	30	0
1	171	0	3149.98	778580.230494	9921899.699494	30	0
1	171	0	3179.98	778551.230494	9921899.699494	30	0
1	171	0	3209.98	778522.230494	9921899.699494	30	0
1	171	0	3239.98	778493.230494	9921899.699494	30	0
1	171	0	3269.98	778464.230494	9921899.699494	30	0
1	171	0	3299.98	778435.230494	9921899.699494	30	0
1	171	0	3344.98	778406.230494	9921870.699494	45	0
1	171	0	3374.98	778377.230494	9921870.699494	30	0
1	171	0	3404.98	778348.230494	9921870.699494	30	0
1	171	0	3434.97	778319.230494	9921870.699494	30	0
1	171	0	3464.97	778290.230494	9921870.699494	30	0
1	171	0	3494.97	778261.230494	9921870.699494	30	0
1	171	0	3524.97	778232.230494	9921870.699494	30	0
1	171	0	3554.97	778203.230494	9921870.699494	30	0
1	171	0	3584.97	778174.230494	9921870.699494	30	0
1	171	0	3629.97	778145.230494	9921841.699494	45	0
1	171	0	3674.97	778116.230494	9921812.699494	45	0
1	171	0	3719.97	778087.230494	9921783.699494	45	0
1	171	0	3749.97	778058.230494	9921783.699494	30	0
1	171	0	3794.97	778029.230494	9921754.699494	45	0
1	171	0	3824.97	778000.230494	9921754.699494	30	0
1	171	0	3854.97	777971.230494	9921754.699494	30	0
1	171	0	3884.97	777942.230494	9921754.699494	30	0
1	171	0	3929.97	777913.230494	9921783.699494	45	0
1	171	0	3974.97	777884.230494	9921812.699494	45	0
1	171	0	4004.97	777855.230494	9921812.699494	30	0
1	171	0	4034.97	777826.230494	9921812.699494	30	0
1	171	0	4064.97	777797.230494	9921812.699494	30	0
1	171	0	4094.97	777768.230494	9921812.699494	30	0
1	171	0	4124.97	777739.230494	9921812.699494	30	0
1	171	0	4154.97	777710.230494	9921812.699494	30	0
1	171	0	4184.97	777681.230494	9921812.699494	30	0
1	171	0	4214.97	777652.230494	9921812.699494	30	0
1	171	0	4259.97	777623.230494	9921841.699494	45	0
1	171	0	4304.97	777594.230494	9921870.699494	45	0
1	171	0	4334.97	777565.230494	9921870.699494	30	0
1	171	0	4364.97	777536.230494	9921870.699494	30	0
1	171	0	4409.97	777507.230494	9921899.699494	45	0
1	171	0	4439.97	777478.230494	9921899.699494	30	0
1	171	0	4484.97	777449.230494	9921928.699494	45	0
1	171	0	4529.97	777420.230494	9921957.699494	45	0
1	171	0	4559.97	777391.230494	9921957.699494	30	0
1	171	0	4604.97	777362.230494	9921986.699494	45	0
1	171	0	4649.97	777333.230494	9922015.699494	45	0
1	171	0	4679.97	777304.230494	9922015.699494	30	0
1	171	0	4709.97	777275.230494	9922015.699494	30	0
1	171	0	4754.97	777246.230494	9922044.699494	45	0
1	171	0	4784.97	777217.230494	9922044.699494	30	0
1	171	0	4814.97	777188.230494	9922044.699494	30	0
1	171	0	4844.97	777159.230494	9922044.699494	30	0
1	171	0	4874.97	777130.230494	9922044.699494	30	0
1	171	0	4904.97	777101.230494	9922044.699494	30	0
1	171	0	4949.97	777072.230494	9922073.699494	45	0
1	171	0	4994.97	777014.230494	9922102.699494	45	0
1	171	0	5024.97	776985.230494	9922102.699494	30	0
1	171	0	5054.97	776956.230494	9922102.699494	30	0
1	171	0	5099.96	776927.230494	9922131.699494	45	0
1	171	0	5129.96	776898.230494	9922131.699494	30	0
1	171	0	5174.96	776869.230494	9922160.699494	45	0
1	171	0	5204.96	776840.230494	9922160.699494	30	0
1	171	0	5234.96	776811.230494	9922160.699494	30	0
1	171	0	5264.96	776782.230494	9922160.699494	30	0
1	171	0	5294.96	776753.230494	9922160.699494	30	0
1	171	0	5324.96	776724.230494	9922160.699494	30	0
1	171	0	5354.96	776695.230494	9922160.699494	30	0
1	171	0	5384.96	776666.230494	9922160.699494	30	0
1	171	0	5414.96	776637.230494	9922160.699494	30	0
1	171	0	5444.96	776608.230494	9922160.699494	30	0
1	171	0	5474.96	776579.230494	9922160.699494	30	0
1	171	0	5504.96	776550.230494	9922160.699494	30	0
1	171	0	5534.96	776521.230494	9922160.699494	30	0
1	171	0	5564.96	776492.230494	9922160.699494	30	0
1	171	0	5609.96	776463.230494	9922131.699494	45	0
1	171	0	5654.96	776434.230494	9922102.699494	45	0
1	171	0	5699.96	776405.230494	9922073.699494	45	0
1	171	0	5729.96	776376.230494	9922073.699494	30	0
1	171	0	5759.96	776347.230494	9922073.699494	30	0
1	171	0	5804.96	776318.230494	9922044.699494	45	0
1	171	0	5834.96	776289.230494	9922044.699494	30	0
1	171	0	5864.96	776260.230494	9922044.699494	30	0
1	171	0	5894.96	776231.230494	9922044.699494	30	0
1	171	0	5939.96	776202.230494	9922015.699494	45	0
1	171	0	5969.96	776173.230494	9922015.699494	30	0
1	171	0	5999.96	776144.230494	9922015.699494	30	0
1	171	0	6044.96	776115.230494	9921986.699494	45	0
1	171	0	6089.96	776086.230494	9921957.699494	45	0
1	171	0	6134.96	776057.230494	9921928.699494	45	0
1	171	0	6164.96	776028.230494	9921928.699494	30	0
1	171	0	6209.96	775999.230494	9921899.699494	45	0
1	171	0	6254.96	775970.230494	9921870.699494	45	0
1	171	0	6299.96	775941.230494	9921841.699494	45	0
1	171	0	6344.96	775912.230494	9921812.699494	45	0
1	171	0	6389.96	775883.230494	9921783.699494	45	0
1	171	0	6434.96	775854.230494	9921754.699494	45	0
1	171	0	6464.96	775825.230494	9921754.699494	30	0
1	171	0	6509.96	775796.230494	9921725.699494	45	0
1	171	0	6554.96	775767.230494	9921696.699494	45	0
1	171	0	6599.96	775738.230494	9921667.699494	45	0
1	171	0	6644.96	775709.230494	9921638.699494	45	0
1	171	0	6689.96	775680.230494	9921609.699494	45	0
1	171	0	6734.95	775651.230494	9921580.699494	45	0
1	171	0	6779.95	775622.230494	9921551.699494	45	0
1	171	0	6824.95	775593.230494	9921522.699494	45	0
1	171	0	6869.95	775564.230494	9921493.699494	45	0
1	171	0	6899.95	775564.230494	9921464.699494	30	0
1	171	0	6929.95	775564.230494	9921435.699494	30	0
1	171	0	6959.95	775564.230494	9921406.699494	30	0
1	171	0	6989.95	775564.230494	9921377.699494	30	0
1	171	0	7034.95	775535.230494	9921348.699494	45	0
1	171	0	7079.95	775506.230494	9921319.699494	45	0
1	171	0	7124.95	775477.230494	9921290.699494	45	0
1	171	0	7169.95	775448.230494	9921261.699494	45	0
1	171	0	7214.95	775419.230494	9921232.699494	45	0
1	171	0	7259.95	775390.230494	9921203.699494	45	0
1	171	0	7304.95	775361.230494	9921174.699494	45	0
1	171	0	7349.95	775332.230494	9921145.699494	45	0
1	171	0	7394.95	775303.230494	9921116.699494	45	0
1	171	0	7439.95	775274.230494	9921087.699494	45	0
1	171	0	7484.95	775245.230494	9921058.699494	45	0
1	171	0	7529.95	775216.230494	9921029.699494	45	0
1	171	0	7574.95	775187.230494	9921000.699494	45	0
1	171	0	7619.95	775158.230494	9920971.699494	45	0
1	171	0	7664.95	775129.230494	9920942.699494	45	0
1	171	0	7709.95	775100.230494	9920913.699494	45	0
1	171	0	7754.94	775071.230494	9920884.699494	45	0
1	171	0	7799.94	775042.230494	9920855.699494	45	0
1	171	0	7844.94	775013.230494	9920826.699494	45	0
1	171	0	7889.94	774984.230494	9920797.699494	45	0
1	171	0	7934.94	774955.230494	9920768.699494	45	0
1	171	0	7979.94	774926.230494	9920739.699494	45	0
1	171	0	8024.94	774897.230494	9920710.699494	45	0
1	171	0	8069.94	774868.230494	9920681.699494	45	0
1	171	0	8114.94	774839.230494	9920652.699494	45	0
1	171	0	8159.94	774810.230494	9920623.699494	45	0
1	171	0	8204.94	774781.230494	9920594.699494	45	0
1	171	0	8249.94	774752.230494	9920565.699494	45	0
1	171	0	8294.94	774723.230494	9920536.699494	45	0
1	171	0	8339.94	774694.230494	9920507.699494	45	0
1	171	0	8384.94	774665.230494	9920478.699494	45	0
1	171	0	8429.94	774636.230494	9920449.699494	45	0
1	171	0	8474.94	774607.230494	9920420.699494	45	0
1	171	0	8519.94	774578.230494	9920391.699494	45	0
1	171	0	8564.94	774549.230494	9920362.699494	45	0
1	171	0	8609.94	774520.230494	9920333.699494	45	0
1	171	0	8654.94	774491.230494	9920304.699494	45	0
1	171	0	8699.94	774462.230494	9920275.699494	45	0
1	171	0	8744.94	774433.230494	9920246.699494	45	0
1	171	0	8789.94	774404.230494	9920217.699494	45	0
1	171	0	8834.94	774375.230494	9920188.699494	45	0
1	171	0	8879.94	774346.230494	9920159.699494	45	0
1	171	0	8924.94	774317.230494	9920130.699494	45	0
1	171	0	8969.94	774288.230494	9920101.699494	45	0
1	171	0	9014.94	774259.230494	9920072.699494	45	0
1	171	0	9059.94	774230.230494	9920043.699494	45	0
1	171	0	9104.94	774201.230494	9920014.699494	45	0
1	171	0	9149.94	774172.230494	9919985.699494	45	0
1	171	0	9179.94	774143.230494	9919985.699494	30	0
1	171	0	9224.94	774114.230494	9919956.699494	45	0
1	171	0	9254.94	774085.230494	9919956.699494	30	0
1	171	0	9284.94	774056.230494	9919956.699494	30	0
1	171	0	9329.94	774027.230494	9919927.699494	45	0
1	171	0	9374.94	773998.230494	9919898.699494	45	0
1	171	0	9404.94	773969.230494	9919898.699494	30	0
1	171	0	9434.94	773940.230494	9919898.699494	30	0
1	171	0	9464.94	773911.230494	9919898.699494	30	0
1	171	0	9494.94	773882.230494	9919898.699494	30	0
1	171	0	9524.94	773882.230494	9919869.699494	30	0
1	171	0	9554.94	773882.230494	9919840.699494	30	0
1	171	0	9584.94	773882.230494	9919811.699494	30	0
1	171	0	9614.94	773882.230494	9919782.699494	30	0
1	171	0	9644.94	773882.230494	9919753.699494	30	0
1	171	0	9689.94	773853.230494	9919724.699494	45	0
1	171	0	9719.94	773853.230494	9919695.699494	30	0
1	171	0	9749.94	773853.230494	9919666.699494	30	0
1	171	0	9779.94	773853.230494	9919637.699494	30	0
1	171	0	9824.94	773824.230494	9919608.699494	45	0
1	171	0	9854.94	773824.230494	9919579.699494	30	0
1	171	0	9899.94	773795.230494	9919550.699494	45	0
1	171	0	9929.94	773795.230494	9919521.699494	30	0
1	171	0	9974.94	773766.230494	9919492.699494	45	0
1	171	0	10004.94	773766.230494	9919463.699494	30	0
1	171	0	10049.94	773737.230494	9919434.699494	45	0
1	171	0	10094.94	773708.230494	9919405.699494	45	0
1	171	0	10124.94	773708.230494	9919376.699494	30	0
1	171	0	10169.94	773679.230494	9919347.699494	45	0
1	171	0	10214.94	773650.230494	9919318.699494	45	0
1	171	0	10244.94	773650.230494	9919289.699494	30	0
1	171	0	10274.94	773650.230494	9919260.699494	30	0
1	171	0	10304.94	773650.230494	9919231.699494	30	0
1	171	0	10334.94	773650.230494	9919202.699494	30	0
1	171	0	10364.94	773650.230494	9919173.699494	30	0
1	171	0	10394.94	773650.230494	9919144.699494	30	0
1	171	0	10424.94	773650.230494	9919115.699494	30	0
1	171	0	10454.94	773650.230494	9919086.699494	30	0
1	171	0	10484.94	773650.230494	9919057.699494	30	0
1	171	0	10529.94	773679.230494	9919028.699494	45	0
1	171	0	10574.94	773708.230494	9918999.699494	45	0
1	171	0	10619.94	773737.230494	9918970.699494	45	0
1	171	0	10664.94	773766.230494	9918941.699494	45	0
1	171	0	10694.94	773766.230494	9918912.699494	30	0
1	171	0	10724.94	773766.230494	9918883.699494	30	0
1	171	0	10754.94	773766.230494	9918854.699494	30	0
1	171	0	10784.94	773737.230494	9918854.699494	30	0
1	171	0	10814.94	773737.230494	9918825.699494	30	0
1	171	0	10844.94	773737.230494	9918796.699494	30	0
1	171	0	10889.94	773708.230494	9918767.699494	45	0
1	171	0	10934.94	773679.230494	9918738.699494	45	0
1	171	0	10964.94	773679.230494	9918709.699494	30	0
1	171	0	11009.94	773650.230494	9918680.699494	45	0
1	171	0	11039.94	773650.230494	9918651.699494	30	0
1	171	0	11084.94	773621.230494	9918622.699494	45	0
1	171	0	11114.94	773621.230494	9918593.699494	30	0
1	171	0	11144.94	773621.230494	9918564.699494	30	0
1	171	0	11189.94	773592.230494	9918535.699494	45	0
1	171	0	11234.94	773563.230494	9918506.699494	45	0
1	171	0	11279.94	773534.230494	9918477.699494	45	0
1	171	0	11324.94	773505.230494	9918448.699494	45	0
1	171	0	11369.94	773476.230494	9918419.699494	45	0
1	171	0	11414.94	773447.230494	9918390.699494	45	0
1	171	0	11444.94	773418.230494	9918390.699494	30	0
1	171	0	11474.94	773389.230494	9918390.699494	30	0
1	171	0	11519.94	773360.230494	9918361.699494	45	0
1	171	0	11564.94	773331.230494	9918332.699494	45	0
1	171	0	11594.94	773331.230494	9918303.699494	30	0
1	171	0	11639.94	773302.230494	9918274.699494	45	0
1	171	0	11669.94	773302.230494	9918245.699494	30	0
1	171	0	11699.94	773302.230494	9918216.699494	30	0
1	171	0	11744.94	773273.230494	9918187.699494	45	0
1	171	0	11774.94	773273.230494	9918158.699494	30	0
1	171	0	11804.94	773273.230494	9918129.699494	30	0
1	171	0	11834.94	773273.230494	9918100.699494	30	0
1	171	0	11864.94	773273.230494	9918071.699494	30	0
1	171	0	11909.94	773244.230494	9918042.699494	45	0
1	171	0	11939.94	773244.230494	9918013.699494	30	0
1	171	0	11969.94	773244.230494	9917984.699494	30	0
1	171	0	11999.94	773244.230494	9917955.699494	30	0
1	171	0	12029.94	773244.230494	9917926.699494	30	0
1	171	0	12059.94	773244.230494	9917897.699494	30	0
1	171	0	12089.94	773244.230494	9917868.699494	30	0
1	171	0	12119.94	773244.230494	9917839.699494	30	0
1	171	0	12149.94	773244.230494	9917810.699494	30	0
1	171	0	12179.94	773244.230494	9917781.699494	30	0
1	171	0	12209.94	773244.230494	9917752.699494	30	0
1	171	0	12239.94	773244.230494	9917723.699494	30	0
1	171	0	12284.94	773273.230494	9917694.699494	45	0
1	171	0	12329.94	773302.230494	9917665.699494	45	0
1	171	0	12374.94	773331.230494	9917636.699494	45	0
1	171	0	12419.94	773360.230494	9917607.699494	45	0
1	171	0	12464.94	773389.230494	9917578.699494	45	0
1	171	0	12509.94	773360.230494	9917549.699494	45	0
1	171	0	12554.94	773331.230494	9917520.699494	45	0
1	171	0	12599.94	773360.230494	9917491.699494	45	0
1	171	0	12644.94	773418.230494	9917520.699494	45	0
1	171	0	12689.94	773389.230494	9917491.699494	45	0
1	171	0	12719.94	773331.230494	9917462.699494	30	0
1	171	0	12749.94	773302.230494	9917462.699494	30	0
1	171	0	12794.94	773273.230494	9917404.699494	45	0
1	171	0	12824.94	773244.230494	9917404.699494	30	0
1	171	0	12854.94	773215.230494	9917404.699494	30	0
1	171	0	12899.94	773186.230494	9917433.699494	45	0
1	171	0	12929.94	773157.230494	9917433.699494	30	0
1	171	0	12974.94	773128.230494	9917404.699494	45	0
1	171	0	13019.94	773099.230494	9917375.699494	45	0
1	171	0	13064.94	773128.230494	9917346.699494	45	0
1	171	0	13094.94	773157.230494	9917375.699494	30	0
1	171	0	13139.94	773128.230494	9917317.699494	45	0
1	171	0	13169.94	773099.230494	9917317.699494	30	0
1	171	0	13199.94	773070.230494	9917317.699494	30	0
1	171	0	13244.94	773041.230494	9917288.699494	45	0
1	171	0	13289.94	773012.230494	9917259.699494	45	0
1	171	0	13334.94	772983.230494	9917230.699494	45	0
1	171	0	13364.94	772983.230494	9917201.699494	30	0
1	171	0	13409.94	772954.230494	9917172.699494	45	0
1	171	0	13439.94	772954.230494	9917143.699494	30	0
1	171	0	13469.94	772954.230494	9917114.699494	30	0
1	171	0	13514.94	772925.230494	9917085.699494	45	0
1	171	0	13559.94	772896.230494	9917056.699494	45	0
1	171	0	13604.94	772867.230494	9917027.699494	45	0
1	171	0	13649.94	772838.230494	9916998.699494	45	0
1	171	0	13694.94	772809.230494	9916969.699494	45	0
1	171	0	13739.94	772780.230494	9916940.699494	45	0
1	171	0	13769.94	772751.230494	9916940.699494	30	0
1	171	0	13799.94	772722.230494	9916940.699494	30	0
1	171	0	13829.94	772722.230494	9916911.699494	30	0
1	171	0	13859.94	772693.230494	9916911.699494	30	0
1	171	0	13904.94	772664.230494	9916882.699494	45	0
1	171	0	13934.94	772635.230494	9916882.699494	30	0
1	171	0	13964.94	772606.230494	9916882.699494	30	0
1	171	0	14009.94	772577.230494	9916853.699494	45	0
1	171	0	14054.94	772548.230494	9916824.699494	45	0
1	171	0	14099.94	772519.230494	9916795.699494	45	0
1	171	0	14144.94	772490.230494	9916766.699494	45	0
1	171	0	14174.94	772461.230494	9916766.699494	30	0
1	171	0	14219.94	772432.230494	9916737.699494	45	0
1	171	0	14264.94	772403.230494	9916766.699494	45	0
1	171	0	14309.94	772345.230494	9916737.699494	45	0
1	171	0	14354.94	772316.230494	9916708.699494	45	0
1	171	0	14384.94	772287.230494	9916708.699494	30	0
1	171	0	14429.94	772258.230494	9916679.699494	45	0
1	171	0	14474.94	772229.230494	9916650.699494	45	0
1	171	0	14519.94	772258.230494	9916621.699494	45	0
1	171	0	14564.94	772229.230494	9916592.699494	45	0
1	171	0	14609.94	772200.230494	9916563.699494	45	0
1	171	0	14639.94	772171.230494	9916563.699494	30	0
1	171	0	14684.94	772142.230494	9916534.699494	45	0
1	171	0	14729.94	772113.230494	9916505.699494	45	0
1	171	0	14759.94	772142.230494	9916505.699494	30	0
1	171	0	14804.94	772171.230494	9916534.699494	45	0
1	171	0	14849.94	772200.230494	9916534.699494	45	0
1	171	0	14894.94	772171.230494	9916505.699494	45	0
1	171	0	14939.94	772142.230494	9916476.699494	45	0
1	171	0	14969.94	772113.230494	9916476.699494	30	0
1	171	0	14999.94	772084.230494	9916476.699494	30	0
1	171	0	15044.94	772055.230494	9916447.699494	45	0
1	171	0	15074.94	772026.230494	9916447.699494	30	0
1	171	0	15104.94	771997.230494	9916447.699494	30	0
1	171	0	15149.94	771968.230494	9916418.699494	45	0
1	171	0	15179.94	771939.230494	9916418.699494	30	0
1	171	0	15209.94	771910.230494	9916418.699494	30	0
1	171	0	15239.94	771910.230494	9916389.699494	30	0
1	171	0	15284.94	771881.230494	9916360.699494	45	0
1	171	0	15314.94	771881.230494	9916331.699494	30	0
1	171	0	15359.94	771852.230494	9916302.699494	45	0
1	171	0	15389.94	771852.230494	9916273.699494	30	0
1	171	0	15434.94	771823.230494	9916244.699494	45	0
1	171	0	15464.94	771823.230494	9916215.699494	30	0
1	171	0	15509.94	771794.230494	9916186.699494	45	0
1	171	0	15539.94	771765.230494	9916186.699494	30	0
1	171	0	15584.94	771736.230494	9916157.699494	45	0
1	171	0	15614.94	771707.230494	9916157.699494	30	0
1	171	0	15644.94	771678.230494	9916157.699494	30	0
1	171	0	15689.94	771649.230494	9916128.699494	45	0
1	171	0	15719.94	771620.230494	9916128.699494	30	0
1	171	0	15764.94	771591.230494	9916099.699494	45	0
1	171	0	15809.94	771562.230494	9916070.699494	45	0
1	171	0	15854.94	771533.230494	9916041.699494	45	0
1	171	0	15899.94	771504.230494	9916012.699494	45	0
1	171	0	15929.94	771475.230494	9916012.699494	30	0
1	171	0	15959.94	771446.230494	9916012.699494	30	0
1	171	0	16004.94	771417.230494	9915983.699494	45	0
1	171	0	16049.94	771388.230494	9915954.699494	45	0
1	171	0	16079.94	771388.230494	9915925.699494	30	0
1	171	0	16109.94	771388.230494	9915896.699494	30	0
1	171	0	16154.94	771359.230494	9915867.699494	45	0
1	171	0	16184.94	771359.230494	9915838.699494	30	0
1	171	0	16229.94	771330.230494	9915809.699494	45	0
1	171	0	16259.94	771301.230494	9915809.699494	30	0
1	171	0	16289.94	771301.230494	9915780.699494	30	0
1	171	0	16319.94	771301.230494	9915751.699494	30	0
1	171	0	16349.94	771301.230494	9915722.699494	30	0
1	171	0	16379.94	771301.230494	9915693.699494	30	0
1	171	0	16409.94	771301.230494	9915664.699494	30	0
1	171	0	16439.94	771301.230494	9915635.699494	30	0
1	171	0	16469.94	771330.230494	9915635.699494	30	0
1	171	0	16499.94	771330.230494	9915664.699494	30	0
1	171	0	16529.94	771330.230494	9915693.699494	30	0
1	171	0	16574.94	771359.230494	9915664.699494	45	0
1	171	0	16604.94	771359.230494	9915635.699494	30	0
1	171	0	16634.94	771359.230494	9915606.699494	30	0
1	171	0	16664.94	771330.230494	9915606.699494	30	0
1	171	0	16694.94	771301.230494	9915606.699494	30	0
1	171	0	16724.94	771301.230494	9915577.699494	30	0
1	171	0	16754.94	771272.230494	9915577.699494	30	0
1	171	0	16784.94	771243.230494	9915577.699494	30	0
1	171	0	16814.94	771214.230494	9915577.699494	30	0
1	171	0	16844.94	771214.230494	9915548.699494	30	0
1	171	0	16874.94	771185.230494	9915548.699494	30	0
1	171	0	16919.94	771156.230494	9915519.699494	45	0
1	171	0	16949.94	771127.230494	9915519.699494	30	0
1	171	0	16994.94	771098.230494	9915490.699494	45	0
1	171	0	17024.94	771069.230494	9915490.699494	30	0
1	171	0	17069.94	771040.230494	9915461.699494	45	0
1	171	0	17114.94	771011.230494	9915432.699494	45	0
1	171	0	17144.94	770982.230494	9915432.699494	30	0
1	171	0	17174.94	770953.230494	9915432.699494	30	0
1	171	0	17219.94	770924.230494	9915403.699494	45	0
1	171	0	17249.94	770895.230494	9915403.699494	30	0
1	171	0	17294.94	770866.230494	9915374.699494	45	0
1	171	0	17339.94	770837.230494	9915345.699494	45	0
1	171	0	17384.94	770808.230494	9915316.699494	45	0
1	171	0	17429.94	770779.230494	9915287.699494	45	0
1	171	0	17474.94	770750.230494	9915258.699494	45	0
1	171	0	17519.94	770721.230494	9915229.699494	45	0
1	171	0	17549.94	770692.230494	9915229.699494	30	0
1	171	0	17594.94	770663.230494	9915200.699494	45	0
1	171	0	17639.94	770634.230494	9915171.699494	45	0
1	171	0	17684.94	770605.230494	9915142.699494	45	0
1	171	0	17714.94	770576.230494	9915142.699494	30	0
1	171	0	17759.94	770547.230494	9915113.699494	45	0
1	171	0	17789.94	770547.230494	9915084.699494	30	0
1	171	0	17819.94	770518.230494	9915084.699494	30	0
1	171	0	17849.94	770518.230494	9915055.699494	30	0
1	171	0	17879.94	770489.230494	9915055.699494	30	0
1	171	0	17909.94	770489.230494	9915026.699494	30	0
1	171	0	17954.94	770460.230494	9914997.699494	45	0
1	171	0	17984.94	770431.230494	9914997.699494	30	0
1	171	0	18014.94	770431.230494	9914968.699494	30	0
1	171	0	18059.94	770402.230494	9914939.699494	45	0
1	171	0	18089.94	770373.230494	9914939.699494	30	0
1	171	0	18119.94	770373.230494	9914910.699494	30	0
1	171	0	18149.94	770344.230494	9914910.699494	30	0
1	171	0	18194.94	770315.230494	9914881.699494	45	0
1	171	0	18239.94	770286.230494	9914852.699494	45	0
1	171	0	18269.94	770257.230494	9914852.699494	30	0
1	171	0	18314.94	770228.230494	9914823.699494	45	0
1	171	0	18359.94	770199.230494	9914794.699494	45	0
1	171	0	18389.94	770170.230494	9914794.699494	30	0
1	171	0	18434.94	770141.230494	9914823.699494	45	0
1	171	0	18464.94	770141.230494	9914852.699494	30	0
1	171	0	18509.94	770112.230494	9914881.699494	45	0
1	171	0	18539.94	770083.230494	9914881.699494	30	0
1	171	0	18569.94	770083.230494	9914852.699494	30	0
1	171	0	18599.94	770083.230494	9914823.699494	30	0
1	171	0	18629.94	770054.230494	9914823.699494	30	0
1	171	0	18674.94	770025.230494	9914852.699494	45	0
1	171	0	18704.94	769996.230494	9914852.699494	30	0
1	171	0	18734.94	769996.230494	9914823.699494	30	0
1	171	0	18764.94	769996.230494	9914794.699494	30	0
1	171	0	18794.94	769967.230494	9914794.699494	30	0
1	171	0	18824.94	769938.230494	9914794.699494	30	0
1	171	0	18854.94	769938.230494	9914823.699494	30	0
1	171	0	18884.94	769909.230494	9914823.699494	30	0
1	171	0	18914.94	769909.230494	9914794.699494	30	0
1	171	0	18944.94	769909.230494	9914765.699494	30	0
1	171	0	18974.94	769880.230494	9914765.699494	30	0
1	171	0	19004.94	769851.230494	9914765.699494	30	0
1	171	0	19034.94	769851.230494	9914736.699494	30	0
1	171	0	19064.94	769822.230494	9914736.699494	30	0
1	171	0	19094.94	769793.230494	9914736.699494	30	0
1	171	0	19124.94	769793.230494	9914707.699494	30	0
1	171	0	19154.94	769793.230494	9914678.699494	30	0
1	171	0	19184.94	769764.230494	9914678.699494	30	0
1	171	0	19214.94	769735.230494	9914678.699494	30	0
1	171	0	19244.94	769706.230494	9914678.699494	30	0
1	171	0	19274.94	769706.230494	9914649.699494	30	0
1	171	0	19304.94	769677.230494	9914649.699494	30	0
1	171	0	19334.94	769677.230494	9914620.699494	30	0
1	171	0	19364.94	769648.230494	9914620.699494	30	0
1	171	0	19394.94	769648.230494	9914591.699494	30	0
1	171	0	19424.94	769619.230494	9914591.699494	30	0
1	171	0	19469.94	769590.230494	9914620.699494	45	0
1	171	0	19499.94	769590.230494	9914649.699494	30	0
1	171	0	19529.94	769561.230494	9914649.699494	30	0
1	171	0	19574.94	769532.230494	9914620.699494	45	0
1	171	0	19604.94	769503.230494	9914620.699494	30	0
1	171	0	19634.94	769474.230494	9914620.699494	30	0
1	171	0	19664.94	769445.230494	9914620.699494	30	0
1	171	0	19694.94	769416.230494	9914620.699494	30	0
1	171	0	19724.94	769416.230494	9914591.699494	30	0
1	171	0	19754.94	769387.230494	9914591.699494	30	0
1	171	0	19784.94	769358.230494	9914591.699494	30	0
1	171	0	19814.94	769329.230494	9914591.699494	30	0
1	171	0	19844.94	769300.230494	9914591.699494	30	0
1	171	0	19874.94	769300.230494	9914562.699494	30	0
1	171	0	19904.94	769300.230494	9914533.699494	30	0
1	171	0	19934.94	769300.230494	9914504.699494	30	0
1	171	0	19964.94	769271.230494	9914504.699494	30	0
1	171	0	19994.94	769242.230494	9914504.699494	30	0
1	171	0	20024.94	769213.230494	9914504.699494	30	0
1	171	0	20054.94	769184.230494	9914504.699494	30	0
1	171	0	20084.94	769184.230494	9914475.699494	30	0
1	171	0	20129.94	769155.230494	9914446.699494	45	0
1	171	0	20174.94	769126.230494	9914417.699494	45	0
1	171	0	20219.94	769097.230494	9914388.699494	45	0
1	171	0	20249.94	769068.230494	9914388.699494	30	0
1	171	0	20294.94	769039.230494	9914359.699494	45	0
1	171	0	20324.94	769010.230494	9914359.699494	30	0
1	171	0	20354.94	768981.230494	9914359.699494	30	0
1	171	0	20399.94	768952.230494	9914330.699494	45	0
1	171	0	20429.94	768923.230494	9914330.699494	30	0
1	171	0	20459.94	768894.230494	9914330.699494	30	0
1	171	0	20504.94	768865.230494	9914301.699494	45	0
1	171	0	20534.94	768865.230494	9914272.699494	30	0
1	171	0	20579.94	768836.230494	9914243.699494	45	0
1	171	0	20624.94	768807.230494	9914214.699494	45	0
1	171	0	20669.94	768778.230494	9914185.699494	45	0
1	171	0	20714.94	768749.230494	9914156.699494	45	0
1	171	0	20759.94	768720.230494	9914127.699494	45	0
1	171	0	20804.94	768691.230494	9914098.699494	45	0
1	171	0	20849.94	768662.230494	9914069.699494	45	0
1	171	0	20879.94	768662.230494	9914040.699494	30	0
1	171	0	20909.94	768662.230494	9914011.699494	30	0
1	171	0	20954.94	768633.230494	9913982.699494	45	0
1	171	0	20984.94	768633.230494	9913953.699494	30	0
1	171	0	21014.94	768604.230494	9913953.699494	30	0
1	171	0	21044.94	768604.230494	9913924.699494	30	0
1	171	0	21074.94	768575.230494	9913924.699494	30	0
1	171	0	21104.94	768575.230494	9913895.699494	30	0
1	171	0	21134.94	768546.230494	9913895.699494	30	0
1	171	0	21164.94	768546.230494	9913866.699494	30	0
1	171	0	21194.94	768546.230494	9913837.699494	30	0
1	171	0	21224.94	768517.230494	9913837.699494	30	0
1	171	0	21254.94	768488.230494	9913837.699494	30	0
1	171	0	21284.94	768459.230494	9913837.699494	30	0
1	171	0	21314.94	768459.230494	9913808.699494	30	0
1	171	0	21344.94	768459.230494	9913779.699494	30	0
1	171	0	21389.94	768430.230494	9913750.699494	45	0
1	171	0	21419.94	768430.230494	9913721.699494	30	0
1	171	0	21464.94	768401.230494	9913692.699494	45	0
1	171	0	21494.94	768372.230494	9913692.699494	30	0
1	171	0	21539.94	768343.230494	9913663.699494	45	0
1	171	0	21569.94	768343.230494	9913634.699494	30	0
1	171	0	21599.94	768343.230494	9913605.699494	30	0
1	171	0	21644.94	768314.230494	9913576.699494	45	0
1	171	0	21689.94	768285.230494	9913547.699494	45	0
1	171	0	21734.94	768256.230494	9913518.699494	45	0
1	171	0	21764.94	768256.230494	9913489.699494	30	0
1	171	0	21809.94	768227.230494	9913460.699494	45	0
1	171	0	21839.94	768227.230494	9913431.699494	30	0
1	171	0	21884.94	768198.230494	9913402.699494	45	0
1	171	0	21929.94	768169.230494	9913373.699494	45	0
1	171	0	21959.94	768140.230494	9913373.699494	30	0
1	171	0	22004.94	768111.230494	9913344.699494	45	0
1	171	0	22049.94	768082.230494	9913315.699494	45	0
1	171	0	22094.94	768053.230494	9913286.699494	45	0
1	171	0	22124.94	768024.230494	9913286.699494	30	0
1	171	0	22169.94	767995.230494	9913257.699494	45	0
1	171	0	22199.94	767995.230494	9913228.699494	30	0
1	171	0	22244.94	767966.230494	9913199.699494	45	0
1	171	0	22274.94	767937.230494	9913199.699494	30	0
1	171	0	22304.94	767908.230494	9913199.699494	30	0
1	171	0	22349.94	767879.230494	9913170.699494	45	0
1	171	0	22394.94	767850.230494	9913141.699494	45	0
1	171	0	22439.94	767821.230494	9913112.699494	45	0
1	171	0	22469.94	767792.230494	9913112.699494	30	0
1	171	0	22514.94	767763.230494	9913083.699494	45	0
1	171	0	22559.94	767734.230494	9913054.699494	45	0
1	171	0	22589.94	767705.230494	9913054.699494	30	0
1	171	0	22634.94	767676.230494	9913025.699494	45	0
1	171	0	22664.94	767647.230494	9913025.699494	30	0
1	171	0	22694.94	767618.230494	9913025.699494	30	0
1	171	0	22724.94	767618.230494	9912996.699494	30	0
1	171	0	22754.94	767589.230494	9912996.699494	30	0
1	171	0	22784.94	767560.230494	9912996.699494	30	0
1	171	0	22814.94	767531.230494	9912996.699494	30	0
1	171	0	22844.94	767531.230494	9913025.699494	30	0
1	171	0	22874.94	767502.230494	9913025.699494	30	0
1	171	0	22904.94	767502.230494	9912996.699494	30	0
1	171	0	22934.94	767502.230494	9912967.699494	30	0
1	171	0	22964.94	767473.230494	9912967.699494	30	0
1	171	0	22994.94	767473.230494	9912938.699494	30	0
1	171	0	23024.94	767444.230494	9912938.699494	30	0
1	171	0	23054.94	767444.230494	9912909.699494	30	0
1	171	0	23084.94	767415.230494	9912909.699494	30	0
1	171	0	23114.94	767415.230494	9912880.699494	30	0
1	171	0	23144.94	767386.230494	9912880.699494	30	0
1	171	0	23174.94	767386.230494	9912851.699494	30	0
1	171	0	23204.94	767357.230494	9912851.699494	30	0
1	171	0	23234.94	767357.230494	9912822.699494	30	0
1	171	0	23264.94	767357.230494	9912793.699494	30	0
1	171	0	23309.94	767328.230494	9912764.699494	45	0
1	171	0	23339.94	767328.230494	9912735.699494	30	0
1	171	0	23369.94	767328.230494	9912706.699494	30	0
1	171	0	23399.94	767328.230494	9912677.699494	30	0
1	171	0	23429.94	767328.230494	9912648.699494	30	0
1	171	0	23474.94	767299.230494	9912619.699494	45	0
1	171	0	23504.94	767299.230494	9912590.699494	30	0
1	171	0	23534.94	767299.230494	9912561.699494	30	0
1	171	0	23564.94	767299.230494	9912532.699494	30	0
1	171	0	23594.94	767299.230494	9912503.699494	30	0
1	171	0	23624.94	767299.230494	9912474.699494	30	0
1	171	0	23654.94	767299.230494	9912445.699494	30	0
1	171	0	23684.94	767299.230494	9912416.699494	30	0
1	171	0	23714.94	767299.230494	9912387.699494	30	0
1	171	0	23744.94	767270.230494	9912387.699494	30	0
1	171	0	23774.94	767270.230494	9912358.699494	30	0
1	171	0	23804.94	767241.230494	9912358.699494	30	0
1	171	0	23849.94	767212.230494	9912387.699494	45	0
1	171	0	23879.94	767212.230494	9912416.699494	30	0
1	171	0	23909.94	767183.230494	9912416.699494	30	0
1	171	0	23939.94	767183.230494	9912387.699494	30	0
1	171	0	23969.94	767183.230494	9912358.699494	30	0
1	171	0	23999.94	767183.230494	9912329.699494	30	0
1	171	0	24029.94	767183.230494	9912300.699494	30	0
1	171	0	24059.94	767154.230494	9912300.699494	30	0
1	171	0	24089.94	767154.230494	9912271.699494	30	0
1	171	0	24119.94	767154.230494	9912242.699494	30	0
1	171	0	24164.94	767125.230494	9912213.699494	45	0
1	171	0	24194.94	767125.230494	9912184.699494	30	0
1	171	0	24224.94	767125.230494	9912155.699494	30	0
1	171	0	24254.94	767125.230494	9912126.699494	30	0
1	171	0	24284.94	767125.230494	9912097.699494	30	0
1	171	0	24314.94	767125.230494	9912068.699494	30	0
1	171	0	24344.94	767125.230494	9912039.699494	30	0
1	171	0	24374.94	767125.230494	9912010.699494	30	0
1	171	0	24404.94	767125.230494	9911981.699494	30	0
1	171	0	24449.94	767096.230494	9911952.699494	45	0
1	171	0	24479.94	767096.230494	9911923.699494	30	0
1	171	0	24524.94	767067.230494	9911894.699494	45	0
1	171	0	24554.94	767067.230494	9911865.699494	30	0
1	171	0	24584.94	767067.230494	9911836.699494	30	0
1	171	0	24629.94	767038.230494	9911807.699494	45	0
1	171	0	24659.94	767038.230494	9911778.699494	30	0
1	171	0	24689.94	767038.230494	9911749.699494	30	0
1	171	0	24734.94	767009.230494	9911720.699494	45	0
1	171	0	24764.94	767009.230494	9911691.699494	30	0
1	171	0	24794.94	767009.230494	9911662.699494	30	0
1	171	0	24824.94	767009.230494	9911633.699494	30	0
1	171	0	24854.94	767009.230494	9911604.699494	30	0
1	171	0	24884.94	767009.230494	9911575.699494	30	0
1	171	0	24914.94	767009.230494	9911546.699494	30	0
1	171	0	24959.94	766980.230494	9911517.699494	45	0
1	171	0	24989.94	766980.230494	9911488.699494	30	0
1	171	0	25034.94	766951.230494	9911459.699494	45	0
1	171	0	25079.94	766922.230494	9911430.699494	45	0
1	171	0	25109.94	766922.230494	9911401.699494	30	0
1	171	0	25154.94	766893.230494	9911372.699494	45	0
1	171	0	25184.94	766893.230494	9911343.699494	30	0
1	171	0	25214.94	766893.230494	9911314.699494	30	0
1	171	0	25244.94	766893.230494	9911285.699494	30	0
1	171	0	25274.94	766893.230494	9911256.699494	30	0
1	171	0	25304.94	766893.230494	9911227.699494	30	0
1	171	0	25349.94	766864.230494	9911198.699494	45	0
1	171	0	25379.94	766864.230494	9911169.699494	30	0
1	171	0	25409.94	766864.230494	9911140.699494	30	0
1	171	0	25439.94	766864.230494	9911111.699494	30	0
1	171	0	25484.94	766835.230494	9911082.699494	45	0
1	171	0	25514.94	766835.230494	9911053.699494	30	0
1	171	0	25544.94	766835.230494	9911024.699494	30	0
1	171	0	25574.94	766835.230494	9910995.699494	30	0
1	171	0	25619.94	766806.230494	9910966.699494	45	0
1	171	0	25649.94	766806.230494	9910937.699494	30	0
1	171	0	25679.94	766806.230494	9910908.699494	30	0
1	171	0	25709.94	766806.230494	9910879.699494	30	0
1	171	0	25754.94	766777.230494	9910850.699494	45	0
1	171	0	25784.94	766777.230494	9910821.699494	30	0
1	171	0	25814.94	766777.230494	9910792.699494	30	0
1	171	0	25844.94	766777.230494	9910763.699494	30	0
1	171	0	25889.94	766748.230494	9910734.699494	45	0
1	171	0	25919.94	766748.230494	9910705.699494	30	0
1	171	0	25949.94	766748.230494	9910676.699494	30	0
1	171	0	25979.94	766748.230494	9910647.699494	30	0
1	171	0	26024.94	766719.230494	9910618.699494	45	0
1	171	0	26054.94	766719.230494	9910589.699494	30	0
1	171	0	26099.94	766690.230494	9910560.699494	45	0
1	171	0	26129.94	766690.230494	9910531.699494	30	0
1	171	0	26174.94	766661.230494	9910502.699494	45	0
1	171	0	26219.94	766632.230494	9910473.699494	45	0
1	171	0	26264.94	766603.230494	9910444.699494	45	0
1	171	0	26294.94	766603.230494	9910415.699494	30	0
1	171	0	26339.94	766574.230494	9910386.699494	45	0
1	171	0	26369.94	766574.230494	9910357.699494	30	0
1	171	0	26399.94	766574.230494	9910328.699494	30	0
1	171	0	26429.94	766545.230494	9910328.699494	30	0
1	171	0	26459.94	766516.230494	9910328.699494	30	0
1	171	0	26489.94	766516.230494	9910299.699494	30	0
1	171	0	26519.94	766516.230494	9910270.699494	30	0
1	171	0	26549.94	766487.230494	9910270.699494	30	0
1	171	0	26579.94	766458.230494	9910270.699494	30	0
1	171	0	26609.94	766458.230494	9910241.699494	30	0
1	171	0	26639.94	766458.230494	9910212.699494	30	0
1	171	0	26669.94	766429.230494	9910212.699494	30	0
1	171	0	26699.94	766400.230494	9910212.699494	30	0
1	171	0	26729.94	766400.230494	9910183.699494	30	0
1	171	0	26759.94	766371.230494	9910183.699494	30	0
1	171	0	26789.94	766342.230494	9910183.699494	30	0
1	171	0	26819.94	766342.230494	9910212.699494	30	0
1	171	0	26849.94	766342.230494	9910241.699494	30	0
1	171	0	26879.94	766342.230494	9910270.699494	30	0
1	171	0	26909.94	766313.230494	9910270.699494	30	0
1	171	0	26954.94	766284.230494	9910241.699494	45	0
1	171	0	26984.94	766255.230494	9910241.699494	30	0
1	171	0	27014.94	766255.230494	9910212.699494	30	0
1	171	0	27044.94	766255.230494	9910183.699494	30	0
1	171	0	27074.94	766255.230494	9910154.699494	30	0
1	171	0	27104.94	766255.230494	9910125.699494	30	0
1	171	0	27134.94	766255.230494	9910096.699494	30	0
1	171	0	27164.94	766255.230494	9910067.699494	30	0
1	171	0	27194.94	766226.230494	9910067.699494	30	0
1	171	0	27224.94	766197.230494	9910067.699494	30	0
1	171	0	27254.94	766197.230494	9910096.699494	30	0
1	171	0	27284.94	766197.230494	9910125.699494	30	0
1	171	0	27314.94	766197.230494	9910154.699494	30	0
1	171	0	27344.94	766197.230494	9910183.699494	30	0
1	171	0	27374.94	766197.230494	9910212.699494	30	0
1	171	0	27404.94	766197.230494	9910241.699494	30	0
1	171	0	27434.94	766197.230494	9910270.699494	30	0
1	171	0	27464.94	766168.230494	9910270.699494	30	0
1	171	0	27494.94	766168.230494	9910241.699494	30	0
1	171	0	27539.94	766139.230494	9910212.699494	45	0
1	171	0	27569.94	766139.230494	9910183.699494	30	0
1	171	0	27599.94	766139.230494	9910154.699494	30	0
1	171	0	27629.94	766139.230494	9910125.699494	30	0
1	171	0	27659.94	766139.230494	9910096.699494	30	0
1	171	0	27689.94	766139.230494	9910067.699494	30	0
1	171	0	27719.94	766110.230494	9910067.699494	30	0
1	171	0	27749.94	766081.230494	9910067.699494	30	0
1	171	0	27779.94	766081.230494	9910096.699494	30	0
1	171	0	27809.94	766081.230494	9910125.699494	30	0
1	171	0	27839.94	766081.230494	9910154.699494	30	0
1	171	0	27869.94	766052.230494	9910154.699494	30	0
1	171	0	27899.94	766052.230494	9910125.699494	30	0
1	171	0	27944.94	766023.230494	9910096.699494	45	0
1	171	0	27974.94	766023.230494	9910067.699494	30	0
1	171	0	28004.94	766023.230494	9910038.699494	30	0
1	171	0	28034.94	766023.230494	9910009.699494	30	0
1	171	0	28064.94	766023.230494	9909980.699494	30	0
1	171	0	28094.94	766023.230494	9909951.699494	30	0
1	171	0	28124.94	766023.230494	9909922.699494	30	0
1	171	0	28169.94	765994.230494	9909893.699494	45	0
1	171	0	28199.94	765994.230494	9909864.699494	30	0
1	171	0	28244.94	765965.230494	9909835.699494	45	0
1	171	0	28274.94	765965.230494	9909806.699494	30	0
1	171	0	28319.94	765936.230494	9909777.699494	45	0
1	171	0	28364.94	765907.230494	9909748.699494	45	0
1	171	0	28409.94	765878.230494	9909719.699494	45	0
1	171	0	28439.94	765878.230494	9909690.699494	30	0
1	171	0	28484.94	765849.230494	9909661.699494	45	0
1	171	0	28529.94	765820.230494	9909632.699494	45	0
1	171	0	28574.94	765791.230494	9909603.699494	45	0
1	171	0	28604.94	765791.230494	9909574.699494	30	0
1	171	0	28649.94	765762.230494	9909545.699494	45	0
1	171	0	28694.94	765733.230494	9909516.699494	45	0
1	171	0	28739.94	765704.230494	9909487.699494	45	0
1	171	0	28769.94	765704.230494	9909458.699494	30	0
1	171	0	28814.94	765675.230494	9909429.699494	45	0
1	171	0	28859.94	765646.230494	9909400.699494	45	0
1	171	0	28904.94	765617.230494	9909371.699494	45	0
1	171	0	28949.94	765588.230494	9909342.699494	45	0
1	171	0	28994.94	765559.230494	9909313.699494	45	0
1	171	0	29024.94	765559.230494	9909284.699494	30	0
1	171	0	29069.94	765530.230494	9909255.699494	45	0
1	171	0	29114.94	765501.230494	9909226.699494	45	0
1	171	0	29159.94	765472.230494	9909197.699494	45	0
1	171	0	29204.94	765443.230494	9909168.699494	45	0
1	171	0	29249.94	765414.230494	9909139.699494	45	0
1	171	0	29294.94	765385.230494	9909110.699494	45	0
1	171	0	29324.94	765385.230494	9909081.699494	30	0
1	171	0	29369.94	765356.230494	9909052.699494	45	0
1	171	0	29414.94	765327.230494	9909023.699494	45	0
1	171	0	29459.94	765298.230494	9908994.699494	45	0
1	171	0	29504.94	765269.230494	9908965.699494	45	0
1	171	0	29549.94	765240.230494	9908936.699494	45	0
1	171	0	29594.94	765211.230494	9908907.699494	45	0
1	171	0	29639.94	765182.230494	9908878.699494	45	0
1	171	0	29669.94	765182.230494	9908849.699494	30	0
1	171	0	29714.94	765153.230494	9908820.699494	45	0
1	171	0	29759.94	765124.230494	9908791.699494	45	0
1	171	0	29804.94	765095.230494	9908762.699494	45	0
1	171	0	29849.94	765066.230494	9908733.699494	45	0
1	171	0	29879.94	765066.230494	9908704.699494	30	0
1	171	0	29924.94	765037.230494	9908675.699494	45	0
1	171	0	29969.94	765008.230494	9908646.699494	45	0
1	171	0	29999.94	765008.230494	9908617.699494	30	0
1	171	0	30029.94	765008.230494	9908588.699494	30	0
1	171	0	30059.94	764979.230494	9908588.699494	30	0
1	171	0	30089.94	764950.230494	9908588.699494	30	0
1	171	0	30119.94	764950.230494	9908617.699494	30	0
1	171	0	30149.94	764950.230494	9908646.699494	30	0
1	171	0	30179.94	764921.230494	9908646.699494	30	0
1	171	0	30209.94	764921.230494	9908617.699494	30	0
1	171	0	30239.94	764921.230494	9908588.699494	30	0
1	171	0	30269.94	764921.230494	9908559.699494	30	0
1	171	0	30299.94	764921.230494	9908530.699494	30	0
1	171	0	30329.94	764892.230494	9908530.699494	30	0
1	171	0	30359.94	764892.230494	9908501.699494	30	0
1	171	0	30389.94	764892.230494	9908472.699494	30	0
1	171	0	30419.94	764863.230494	9908472.699494	30	0
1	171	0	30449.94	764863.230494	9908443.699494	30	0
1	171	0	30479.94	764834.230494	9908443.699494	30	0
1	171	0	30509.94	764834.230494	9908414.699494	30	0
1	171	0	30539.94	764805.230494	9908414.699494	30	0
1	171	0	30569.94	764805.230494	9908385.699494	30	0
1	171	0	30599.94	764805.230494	9908356.699494	30	0
1	171	0	30629.94	764776.230494	9908356.699494	30	0
1	171	0	30659.94	764776.230494	9908327.699494	30	0
1	171	0	30689.94	764747.230494	9908327.699494	30	0
1	171	0	30719.94	764747.230494	9908298.699494	30	0
1	171	0	30749.94	764747.230494	9908269.699494	30	0
1	171	0	30779.94	764718.230494	9908269.699494	30	0
1	171	0	30809.94	764718.230494	9908240.699494	30	0
1	171	0	30839.94	764718.230494	9908211.699494	30	0
1	171	0	30869.94	764689.230494	9908211.699494	30	0
1	171	0	30899.94	764689.230494	9908182.699494	30	0
1	171	0	30929.94	764689.230494	9908153.699494	30	0
1	171	0	30959.94	764689.230494	9908124.699494	30	0
1	171	0	31004.94	764660.230494	9908095.699494	45	0
1	171	0	31034.94	764660.230494	9908066.699494	30	0
1	171	0	31064.94	764660.230494	9908037.699494	30	0
1	171	0	31094.94	764660.230494	9908008.699494	30	0
1	171	0	31124.94	764660.230494	9907979.699494	30	0
1	171	0	31154.94	764660.230494	9907950.699494	30	0
1	171	0	31184.94	764660.230494	9907921.699494	30	0
1	171	0	31214.94	764660.230494	9907892.699494	30	0
1	171	0	31259.94	764631.230494	9907863.699494	45	0
1	171	0	31289.94	764631.230494	9907834.699494	30	0
1	171	0	31319.94	764631.230494	9907805.699494	30	0
1	171	0	31364.94	764602.230494	9907776.699494	45	0
1	171	0	31409.94	764573.230494	9907747.699494	45	0
1	171	0	31439.94	764573.230494	9907718.699494	30	0
1	171	0	31469.94	764573.230494	9907689.699494	30	0
1	171	0	31514.94	764544.230494	9907660.699494	45	0
1	171	0	31559.94	764515.230494	9907631.699494	45	0
1	171	0	31589.94	764515.230494	9907602.699494	30	0
1	171	0	31619.94	764515.230494	9907573.699494	30	0
1	171	0	31649.94	764515.230494	9907544.699494	30	0
1	171	0	31679.94	764515.230494	9907515.699494	30	0
1	171	0	31724.94	764486.230494	9907486.699494	45	0
1	171	0	31754.94	764486.230494	9907457.699494	30	0
1	171	0	31784.94	764486.230494	9907428.699494	30	0
1	171	0	31829.94	764457.230494	9907399.699494	45	0
1	171	0	31859.94	764457.230494	9907370.699494	30	0
1	171	0	31889.94	764457.230494	9907341.699494	30	0
1	171	0	31934.94	764428.230494	9907312.699494	45	0
1	171	0	31979.94	764399.230494	9907283.699494	45	0
1	171	0	32009.94	764399.230494	9907254.699494	30	0
1	171	0	32039.94	764399.230494	9907225.699494	30	0
1	171	0	32084.94	764370.230494	9907196.699494	45	0
1	171	0	32114.94	764370.230494	9907167.699494	30	0
1	171	0	32144.94	764370.230494	9907138.699494	30	0
1	171	0	32189.94	764341.230494	9907109.699494	45	0
1	171	0	32219.94	764341.230494	9907080.699494	30	0
1	171	0	32249.94	764341.230494	9907051.699494	30	0
1	171	0	32279.94	764341.230494	9907022.699494	30	0
1	171	0	32309.94	764341.230494	9906993.699494	30	0
1	171	0	32339.94	764341.230494	9906964.699494	30	0
1	171	0	32369.94	764341.230494	9906935.699494	30	0
1	171	0	32414.94	764312.230494	9906906.699494	45	0
1	171	0	32444.94	764312.230494	9906877.699494	30	0
1	171	0	32474.94	764312.230494	9906848.699494	30	0
1	171	0	32504.94	764312.230494	9906819.699494	30	0
1	171	0	32534.94	764312.230494	9906790.699494	30	0
1	171	0	32564.94	764312.230494	9906761.699494	30	0
1	171	0	32609.94	764283.230494	9906732.699494	45	0
1	171	0	32639.94	764283.230494	9906703.699494	30	0
1	171	0	32669.94	764283.230494	9906674.699494	30	0
1	171	0	32699.94	764283.230494	9906645.699494	30	0
1	171	0	32729.94	764283.230494	9906616.699494	30	0
1	171	0	32759.94	764283.230494	9906587.699494	30	0
1	171	0	32789.94	764283.230494	9906558.699494	30	0
1	171	0	32819.94	764283.230494	9906529.699494	30	0
1	171	0	32849.94	764283.230494	9906500.699494	30	0
1	171	0	32894.94	764312.230494	9906471.699494	45	0
1	171	0	32924.94	764312.230494	9906442.699494	30	0
1	171	0	32954.94	764312.230494	9906413.699494	30	0
1	171	0	32984.94	764341.230494	9906413.699494	30	0
1	171	0	33014.94	764341.230494	9906384.699494	30	0
1	171	0	33059.94	764370.230494	9906355.699494	45	0
1	171	0	33089.94	764370.230494	9906326.699494	30	0
1	171	0	33134.94	764399.230494	9906297.699494	45	0
1	171	0	33164.94	764399.230494	9906268.699494	30	0
1	171	0	33194.94	764399.230494	9906239.699494	30	0
1	171	0	33224.94	764399.230494	9906210.699494	30	0
1	171	0	33254.94	764399.230494	9906181.699494	30	0
1	171	0	33284.94	764399.230494	9906152.699494	30	0
1	171	0	33314.94	764399.230494	9906123.699494	30	0
1	171	0	33344.94	764399.230494	9906094.699494	30	0
1	171	0	33374.94	764399.230494	9906065.699494	30	0
1	171	0	33404.94	764428.230494	9906065.699494	30	0
1	171	0	33434.94	764428.230494	9906036.699494	30	0
1	171	0	33464.94	764457.230494	9906036.699494	30	0
1	171	0	33494.94	764457.230494	9906007.699494	30	0
1	171	0	33524.94	764457.230494	9905978.699494	30	0
1	171	0	33554.94	764457.230494	9905949.699494	30	0
1	171	0	33584.94	764457.230494	9905920.699494	30	0
1	171	0	33614.94	764457.230494	9905891.699494	30	0
1	171	0	33644.94	764457.230494	9905862.699494	30	0
1	171	0	33674.94	764457.230494	9905833.699494	30	0
1	171	0	33704.94	764457.230494	9905804.699494	30	0
1	171	0	33734.94	764457.230494	9905775.699494	30	0
1	171	0	33764.94	764457.230494	9905746.699494	30	0
1	171	0	33794.94	764457.230494	9905717.699494	30	0
1	171	0	33824.94	764457.230494	9905688.699494	30	0
1	171	0	33854.94	764457.230494	9905659.699494	30	0
1	171	0	33884.94	764457.230494	9905630.699494	30	0
1	171	0	33929.94	764486.230494	9905601.699494	45	0
1	171	0	33959.94	764486.230494	9905572.699494	30	0
1	171	0	33989.94	764486.230494	9905543.699494	30	0
1	171	0	34019.94	764486.230494	9905514.699494	30	0
1	171	0	34049.94	764486.230494	9905485.699494	30	0
1	171	0	34079.94	764486.230494	9905456.699494	30	0
1	171	0	34109.94	764486.230494	9905427.699494	30	0
1	171	0	34139.94	764486.230494	9905398.699494	30	0
1	171	0	34169.94	764486.230494	9905369.699494	30	0
1	171	0	34199.94	764486.230494	9905340.699494	30	0
1	171	0	34229.94	764486.230494	9905311.699494	30	0
1	171	0	34259.94	764486.230494	9905282.699494	30	0
1	171	0	34289.94	764486.230494	9905253.699494	30	0
1	171	0	34319.94	764486.230494	9905224.699494	30	0
1	171	0	34349.94	764486.230494	9905195.699494	30	0
1	171	0	34379.94	764486.230494	9905166.699494	30	0
1	171	0	34409.94	764486.230494	9905137.699494	30	0
1	171	0	34439.94	764486.230494	9905108.699494	30	0
1	171	0	34469.94	764486.230494	9905079.699494	30	0
1	171	0	34499.94	764486.230494	9905050.699494	30	0
1	171	0	34529.94	764486.230494	9905021.699494	30	0
1	171	0	34574.94	764457.230494	9904992.699494	45	0
1	171	0	34604.94	764457.230494	9904963.699494	30	0
1	171	0	34634.94	764457.230494	9904934.699494	30	0
1	171	0	34664.94	764457.230494	9904905.699494	30	0
1	171	0	34694.94	764457.230494	9904876.699494	30	0
1	171	0	34724.94	764457.230494	9904847.699494	30	0
1	171	0	34754.94	764457.230494	9904818.699494	30	0
1	171	0	34784.94	764457.230494	9904789.699494	30	0
1	171	0	34814.94	764457.230494	9904760.699494	30	0
1	171	0	34844.94	764457.230494	9904731.699494	30	0
1	171	0	34874.94	764457.230494	9904702.699494	30	0
1	171	0	34904.94	764457.230494	9904673.699494	30	0
1	171	0	34934.94	764457.230494	9904644.699494	30	0
1	171	0	34964.94	764457.230494	9904615.699494	30	0
1	171	0	34994.94	764457.230494	9904586.699494	30	0
1	171	0	35039.94	764486.230494	9904557.699494	45	0
1	171	0	35084.94	764515.230494	9904528.699494	45	0
1	171	0	35114.94	764515.230494	9904499.699494	30	0
1	171	0	35144.94	764515.230494	9904470.699494	30	0
1	171	0	35189.94	764486.230494	9904441.699494	45	0
1	171	0	35219.94	764486.230494	9904412.699494	30	0
1	171	0	35249.94	764486.230494	9904383.699494	30	0
1	171	0	35279.94	764486.230494	9904354.699494	30	0
1	171	0	35309.94	764486.230494	9904325.699494	30	0
1	171	0	35339.94	764486.230494	9904296.699494	30	0
1	171	0	35369.94	764486.230494	9904267.699494	30	0
1	171	0	35399.94	764486.230494	9904238.699494	30	0
1	171	0	35429.94	764486.230494	9904209.699494	30	0
1	171	0	35459.94	764486.230494	9904180.699494	30	0
1	171	0	35489.94	764486.230494	9904151.699494	30	0
1	171	0	35519.94	764486.230494	9904122.699494	30	0
1	171	0	35549.94	764486.230494	9904093.699494	30	0
1	171	0	35594.94	764457.230494	9904064.699494	45	0
1	171	0	35624.94	764457.230494	9904035.699494	30	0
1	171	0	35654.94	764457.230494	9904006.699494	30	0
1	171	0	35699.94	764428.230494	9903977.699494	45	0
1	171	0	35729.94	764428.230494	9903948.699494	30	0
1	171	0	35759.94	764428.230494	9903919.699494	30	0
1	171	0	35789.94	764428.230494	9903890.699494	30	0
1	171	0	35819.94	764428.230494	9903861.699494	30	0
1	171	0	35864.94	764399.230494	9903832.699494	45	0
1	171	0	35894.94	764399.230494	9903803.699494	30	0
1	171	0	35924.94	764399.230494	9903774.699494	30	0
1	171	0	35969.94	764370.230494	9903745.699494	45	0
1	171	0	35999.94	764370.230494	9903716.699494	30	0
1	171	0	36029.94	764370.230494	9903687.699494	30	0
1	171	0	36059.94	764370.230494	9903658.699494	30	0
1	171	0	36089.94	764370.230494	9903629.699494	30	0
1	171	0	36119.94	764370.230494	9903600.699494	30	0
1	171	0	36149.94	764370.230494	9903571.699494	30	0
1	171	0	36179.94	764370.230494	9903542.699494	30	0
1	171	0	36209.94	764370.230494	9903513.699494	30	0
1	171	0	36239.94	764370.230494	9903484.699494	30	0
1	171	0	36269.94	764370.230494	9903455.699494	30	0
1	171	0	36299.94	764370.230494	9903426.699494	30	0
1	171	0	36329.94	764370.230494	9903397.699494	30	0
1	171	0	36359.94	764399.230494	9903397.699494	30	0
1	171	0	36389.94	764399.230494	9903368.699494	30	0
1	171	0	36419.94	764428.230494	9903368.699494	30	0
1	171	0	36449.94	764428.230494	9903339.699494	30	0
1	171	0	36479.94	764428.230494	9903310.699494	30	0
1	171	0	36509.94	764428.230494	9903281.699494	30	0
1	171	0	36539.94	764428.230494	9903252.699494	30	0
1	171	0	36584.94	764399.230494	9903223.699494	45	0
1	171	0	36614.94	764399.230494	9903194.699494	30	0
1	171	0	36659.94	764370.230494	9903165.699494	45	0
1	171	0	36689.94	764370.230494	9903136.699494	30	0
1	171	0	36734.94	764341.230494	9903107.699494	45	0
1	171	0	36764.94	764312.230494	9903107.699494	30	0
1	171	0	36794.94	764312.230494	9903078.699494	30	0
1	171	0	36824.94	764283.230494	9903078.699494	30	0
1	171	0	36854.94	764283.230494	9903049.699494	30	0
1	171	0	36899.94	764254.230494	9903020.699494	45	0
1	171	0	36929.94	764254.230494	9902991.699494	30	0
1	171	0	36959.94	764254.230494	9902962.699494	30	0
1	171	0	36989.94	764225.230494	9902962.699494	30	0
1	171	0	37019.94	764225.230494	9902933.699494	30	0
1	171	0	37049.94	764225.230494	9902904.699494	30	0
1	171	0	37079.94	764196.230494	9902904.699494	30	0
1	171	0	37109.94	764196.230494	9902875.699494	30	0
1	171	0	37154.94	764167.230494	9902846.699494	45	0
1	171	0	37184.94	764167.230494	9902817.699494	30	0
1	171	0	37214.94	764138.230494	9902817.699494	30	0
1	171	0	37244.94	764138.230494	9902788.699494	30	0
1	171	0	37274.94	764138.230494	9902759.699494	30	0
1	171	0	37304.94	764138.230494	9902730.699494	30	0
1	171	0	37334.94	764109.230494	9902730.699494	30	0
1	171	0	37364.94	764109.230494	9902701.699494	30	0
1	171	0	37394.94	764109.230494	9902672.699494	30	0
1	171	0	37424.94	764080.230494	9902672.699494	30	0
1	171	0	37454.94	764080.230494	9902643.699494	30	0
1	171	0	37484.94	764080.230494	9902614.699494	30	0
1	171	0	37514.94	764051.230494	9902614.699494	30	0
1	171	0	37544.94	764051.230494	9902585.699494	30	0
1	171	0	37574.94	764051.230494	9902556.699494	30	0
1	171	0	37604.94	764022.230494	9902556.699494	30	0
1	171	0	37634.94	764022.230494	9902527.699494	30	0
1	171	0	37664.94	764022.230494	9902498.699494	30	0
1	171	0	37694.94	763993.230494	9902498.699494	30	0
1	171	0	37724.94	763993.230494	9902469.699494	30	0
1	171	0	37754.94	763993.230494	9902440.699494	30	0
1	171	0	37784.94	763964.230494	9902440.699494	30	0
1	171	0	37814.94	763964.230494	9902411.699494	30	0
1	171	0	37844.94	763964.230494	9902382.699494	30	0
1	171	0	37874.94	763964.230494	9902353.699494	30	0
1	171	0	37904.94	763964.230494	9902324.699494	30	0
1	171	0	37934.94	763964.230494	9902295.699494	30	0
1	171	0	37964.94	763964.230494	9902266.699494	30	0
1	171	0	38009.94	763935.230494	9902237.699494	45	0
1	171	0	38039.94	763935.230494	9902208.699494	30	0
1	171	0	38084.94	763906.230494	9902179.699494	45	0
1	171	0	38114.94	763906.230494	9902150.699494	30	0
1	171	0	38144.94	763906.230494	9902121.699494	30	0
1	171	0	38174.94	763906.230494	9902092.699494	30	0
1	171	0	38204.94	763906.230494	9902063.699494	30	0
1	171	0	38234.94	763906.230494	9902034.699494	30	0
1	171	0	38264.94	763906.230494	9902005.699494	30	0
1	171	0	38294.94	763906.230494	9901976.699494	30	0
1	171	0	38324.94	763906.230494	9901947.699494	30	0
1	171	0	38354.94	763906.230494	9901918.699494	30	0
1	171	0	38384.94	763906.230494	9901889.699494	30	0
1	171	0	38414.94	763906.230494	9901860.699494	30	0
1	171	0	38444.94	763906.230494	9901831.699494	30	0
1	171	0	38474.94	763906.230494	9901802.699494	30	0
1	171	0	38504.94	763906.230494	9901773.699494	30	0
1	171	0	38534.94	763906.230494	9901744.699494	30	0
1	171	0	38564.94	763906.230494	9901715.699494	30	0
1	171	0	38594.94	763906.230494	9901686.699494	30	0
1	171	0	38624.94	763906.230494	9901657.699494	30	0
1	171	0	38654.94	763906.230494	9901628.699494	30	0
1	171	0	38684.94	763906.230494	9901599.699494	30	0
1	171	0	38714.94	763906.230494	9901570.699494	30	0
1	171	0	38744.94	763906.230494	9901541.699494	30	0
1	171	0	38774.94	763906.230494	9901512.699494	30	0
1	171	0	38804.94	763906.230494	9901483.699494	30	0
1	171	0	38834.94	763906.230494	9901454.699494	30	0
1	171	0	38864.94	763906.230494	9901425.699494	30	0
1	171	0	38894.94	763906.230494	9901396.699494	30	0
1	171	0	38924.94	763906.230494	9901367.699494	30	0
1	171	0	38954.94	763906.230494	9901338.699494	30	0
1	171	0	38999.94	763877.230494	9901309.699494	45	0
1	171	0	39044.94	763848.230494	9901280.699494	45	0
1	171	0	39074.94	763848.230494	9901251.699494	30	0
1	171	0	39104.94	763848.230494	9901222.699494	30	0
1	171	0	39149.94	763819.230494	9901193.699494	45	0
1	171	0	39179.94	763819.230494	9901164.699494	30	0
1	171	0	39209.94	763819.230494	9901135.699494	30	0
1	171	0	39254.94	763790.230494	9901106.699494	45	0
1	171	0	39284.94	763790.230494	9901077.699494	30	0
1	171	0	39314.94	763790.230494	9901048.699494	30	0
1	171	0	39359.94	763761.230494	9901019.699494	45	0
1	171	0	39389.94	763761.230494	9900990.699494	30	0
1	171	0	39419.94	763761.230494	9900961.699494	30	0
1	171	0	39464.94	763732.230494	9900932.699494	45	0
1	171	0	39494.94	763732.230494	9900903.699494	30	0
1	171	0	39524.94	763732.230494	9900874.699494	30	0
1	171	0	39569.94	763703.230494	9900845.699494	45	0
1	171	0	39599.94	763703.230494	9900816.699494	30	0
1	171	0	39629.94	763703.230494	9900787.699494	30	0
1	171	0	39674.94	763674.230494	9900758.699494	45	0
1	171	0	39704.94	763674.230494	9900729.699494	30	0
1	171	0	39749.94	763645.230494	9900700.699494	45	0
1	171	0	39779.94	763645.230494	9900671.699494	30	0
1	171	0	39809.94	763645.230494	9900642.699494	30	0
1	171	0	39854.94	763616.230494	9900613.699494	45	0
1	171	0	39899.94	763587.230494	9900584.699494	45	0
1	171	0	39929.94	763558.230494	9900584.699494	30	0
1	171	0	39959.94	763558.230494	9900555.699494	30	0
1	171	0	39989.94	763558.230494	9900526.699494	30	0
1	171	0	40019.94	763558.230494	9900497.699494	30	0
1	171	0	40049.94	763558.230494	9900468.699494	30	0
1	171	0	40079.94	763558.230494	9900439.699494	30	0
1	171	0	40109.94	763558.230494	9900410.699494	30	0
1	171	0	40139.94	763558.230494	9900381.699494	30	0
1	171	0	40169.94	763558.230494	9900352.699494	30	0
1	171	0	40214.94	763587.230494	9900323.699494	45	0
1	171	0	40244.94	763587.230494	9900294.699494	30	0
1	171	0	40289.94	763616.230494	9900265.699494	45	0
1	171	0	40319.94	763616.230494	9900236.699494	30	0
1	171	0	40349.94	763616.230494	9900207.699494	30	0
1	171	0	40379.94	763616.230494	9900178.699494	30	0
1	171	0	40424.94	763645.230494	9900149.699494	45	0
1	171	0	40469.94	763674.230494	9900120.699494	45	0
1	171	0	40499.94	763674.230494	9900091.699494	30	0
1	171	0	40529.94	763674.230494	9900062.699494	30	0
1	171	0	40559.94	763674.230494	9900033.699494	30	0
1	171	0	40589.94	763703.230494	9900033.699494	30	0
1	171	0	40619.94	763703.230494	9900004.699494	30	0
1	171	0	40649.94	763703.230494	9899975.699494	30	0
1	171	0	40679.94	763703.230494	9899946.699494	30	0
1	171	0	40709.94	763703.230494	9899917.699494	30	0
1	171	0	40739.94	763703.230494	9899888.699494	30	0
1	171	0	40769.94	763703.230494	9899859.699494	30	0
1	171	0	40799.94	763703.230494	9899830.699494	30	0
1	171	0	40829.94	763703.230494	9899801.699494	30	0
1	171	0	40859.94	763703.230494	9899772.699494	30	0
1	171	0	40889.94	763703.230494	9899743.699494	30	0
1	171	0	40919.94	763703.230494	9899714.699494	30	0
1	171	0	40949.94	763732.230494	9899714.699494	30	0
1	171	0	40979.94	763732.230494	9899685.699494	30	0
1	171	0	41009.94	763732.230494	9899656.699494	30	0
1	171	0	41039.94	763732.230494	9899627.699494	30	0
1	171	0	41069.94	763732.230494	9899598.699494	30	0
1	171	0	41099.94	763732.230494	9899569.699494	30	0
1	171	0	41129.94	763732.230494	9899540.699494	30	0
1	171	0	41159.94	763732.230494	9899511.699494	30	0
1	171	0	41189.94	763732.230494	9899482.699494	30	0
1	171	0	41219.94	763732.230494	9899453.699494	30	0
1	171	0	41249.94	763732.230494	9899424.699494	30	0
1	171	0	41279.94	763732.230494	9899395.699494	30	0
1	171	0	41309.94	763732.230494	9899366.699494	30	0
1	171	0	41339.94	763732.230494	9899337.699494	30	0
1	171	0	41369.94	763732.230494	9899308.699494	30	0
1	171	0	41399.94	763732.230494	9899279.699494	30	0
1	171	0	41444.94	763703.230494	9899250.699494	45	0
1	171	0	41474.94	763703.230494	9899221.699494	30	0
1	171	0	41504.94	763703.230494	9899192.699494	30	0
1	171	0	41549.94	763674.230494	9899163.699494	45	0
1	171	0	41579.94	763674.230494	9899134.699494	30	0
1	171	0	41624.94	763645.230494	9899105.699494	45	0
1	171	0	41654.94	763645.230494	9899076.699494	30	0
1	171	0	41684.94	763645.230494	9899047.699494	30	0
1	171	0	41714.94	763645.230494	9899018.699494	30	0
1	171	0	41744.94	763645.230494	9898989.699494	30	0
1	171	0	41774.94	763645.230494	9898960.699494	30	0
1	171	0	41804.94	763645.230494	9898931.699494	30	0
1	171	0	41834.94	763645.230494	9898902.699494	30	0
1	171	0	41864.94	763645.230494	9898873.699494	30	0
1	171	0	41894.94	763645.230494	9898844.699494	30	0
1	171	0	41924.94	763645.230494	9898815.699494	30	0
1	171	0	41954.94	763645.230494	9898786.699494	30	0
1	171	0	41984.94	763645.230494	9898757.699494	30	0
1	171	0	42014.94	763645.230494	9898728.699494	30	0
1	171	0	42044.94	763645.230494	9898699.699494	30	0
1	171	0	42074.94	763645.230494	9898670.699494	30	0
1	171	0	42104.94	763645.230494	9898641.699494	30	0
1	171	0	42134.94	763645.230494	9898612.699494	30	0
1	171	0	42164.94	763645.230494	9898583.699494	30	0
1	171	0	42194.94	763645.230494	9898554.699494	30	0
1	171	0	42224.94	763645.230494	9898525.699494	30	0
1	171	0	42254.94	763645.230494	9898496.699494	30	0
1	171	0	42284.94	763645.230494	9898467.699494	30	0
1	171	0	42314.94	763645.230494	9898438.699494	30	0
1	171	0	42344.94	763645.230494	9898409.699494	30	0
1	171	0	42374.94	763645.230494	9898380.699494	30	0
1	171	0	42404.94	763645.230494	9898351.699494	30	0
1	171	0	42434.94	763645.230494	9898322.699494	30	0
1	171	0	42464.94	763645.230494	9898293.699494	30	0
1	171	0	42494.94	763645.230494	9898264.699494	30	0
1	171	0	42524.94	763645.230494	9898235.699494	30	0
1	171	0	42554.94	763645.230494	9898206.699494	30	0
1	171	0	42584.94	763645.230494	9898177.699494	30	0
1	171	0	42614.94	763645.230494	9898148.699494	30	0
1	171	0	42644.94	763645.230494	9898119.699494	30	0
1	171	0	42674.94	763645.230494	9898090.699494	30	0
1	171	0	42704.94	763645.230494	9898061.699494	30	0
1	171	0	42734.94	763645.230494	9898032.699494	30	0
1	171	0	42764.94	763645.230494	9898003.699494	30	0
1	171	0	42794.94	763645.230494	9897974.699494	30	0
1	171	0	42824.94	763645.230494	9897945.699494	30	0
1	171	0	42854.94	763645.230494	9897916.699494	30	0
1	171	0	42884.94	763645.230494	9897887.699494	30	0
1	171	0	42914.94	763645.230494	9897858.699494	30	0
1	171	0	42944.94	763645.230494	9897829.699494	30	0
1	171	0	42974.94	763645.230494	9897800.699494	30	0
1	171	0	43004.94	763645.230494	9897771.699494	30	0
1	171	0	43034.94	763645.230494	9897742.699494	30	0
1	171	0	43064.94	763645.230494	9897713.699494	30	0
1	171	0	43094.94	763645.230494	9897684.699494	30	0
1	171	0	43124.94	763645.230494	9897655.699494	30	0
1	171	0	43154.94	763645.230494	9897626.699494	30	0
1	171	0	43184.94	763645.230494	9897597.699494	30	0
1	171	0	43229.94	763616.230494	9897568.699494	45	0
1	171	0	43259.94	763616.230494	9897539.699494	30	0
1	171	0	43289.94	763616.230494	9897510.699494	30	0
1	171	0	43319.94	763616.230494	9897481.699494	30	0
1	171	0	43349.94	763616.230494	9897452.699494	30	0
1	171	0	43379.94	763616.230494	9897423.699494	30	0
1	171	0	43409.94	763616.230494	9897394.699494	30	0
1	171	0	43439.94	763616.230494	9897365.699494	30	0
1	171	0	43469.94	763616.230494	9897336.699494	30	0
1	171	0	43499.94	763616.230494	9897307.699494	30	0
1	171	0	43529.94	763616.230494	9897278.699494	30	0
1	171	0	43559.94	763616.230494	9897249.699494	30	0
1	171	0	43589.94	763616.230494	9897220.699494	30	0
1	171	0	43634.94	763587.230494	9897191.699494	45	0
1	171	0	43664.94	763587.230494	9897162.699494	30	0
1	171	0	43694.94	763587.230494	9897133.699494	30	0
1	171	0	43724.94	763587.230494	9897104.699494	30	0
1	171	0	43754.94	763587.230494	9897075.699494	30	0
1	171	0	43784.94	763587.230494	9897046.699494	30	0
1	171	0	43814.94	763587.230494	9897017.699494	30	0
1	171	0	43844.94	763587.230494	9896988.699494	30	0
1	171	0	43874.94	763587.230494	9896959.699494	30	0
1	171	0	43904.94	763587.230494	9896930.699494	30	0
1	171	0	43934.94	763587.230494	9896901.699494	30	0
1	171	0	43964.94	763587.230494	9896872.699494	30	0
1	171	0	43994.94	763587.230494	9896843.699494	30	0
1	171	0	44024.94	763587.230494	9896814.699494	30	0
1	171	0	44054.94	763587.230494	9896785.699494	30	0
1	171	0	44084.94	763587.230494	9896756.699494	30	0
1	171	0	44114.94	763587.230494	9896727.699494	30	0
1	171	0	44144.94	763587.230494	9896698.699494	30	0
1	171	0	44174.94	763587.230494	9896669.699494	30	0
1	171	0	44204.94	763587.230494	9896640.699494	30	0
1	171	0	44234.94	763587.230494	9896611.699494	30	0
1	171	0	44264.94	763587.230494	9896582.699494	30	0
1	171	0	44294.94	763587.230494	9896553.699494	30	0
1	171	0	44324.94	763587.230494	9896524.699494	30	0
1	171	0	44354.94	763587.230494	9896495.699494	30	0
1	171	0	44384.94	763587.230494	9896466.699494	30	0
1	171	0	44414.94	763587.230494	9896437.699494	30	0
1	171	0	44444.94	763587.230494	9896408.699494	30	0
1	171	0	44474.94	763587.230494	9896379.699494	30	0
1	171	0	44504.94	763587.230494	9896350.699494	30	0
1	171	0	44534.94	763587.230494	9896321.699494	30	0
1	171	0	44564.94	763587.230494	9896292.699494	30	0
1	171	0	44594.94	763587.230494	9896263.699494	30	0
1	171	0	44624.94	763587.230494	9896234.699494	30	0
1	171	0	44654.94	763587.230494	9896205.699494	30	0
1	171	0	44684.94	763587.230494	9896176.699494	30	0
1	171	0	44714.94	763587.230494	9896147.699494	30	0
1	171	0	44744.94	763587.230494	9896118.699494	30	0
1	171	0	44774.94	763587.230494	9896089.699494	30	0
1	171	0	44804.94	763587.230494	9896060.699494	30	0
1	171	0	44834.94	763587.230494	9896031.699494	30	0
1	171	0	44864.94	763587.230494	9896002.699494	30	0
1	171	0	44894.94	763587.230494	9895973.699494	30	0
1	171	0	44924.94	763587.230494	9895944.699494	30	0
1	171	0	44954.94	763587.230494	9895915.699494	30	0
1	171	0	44984.94	763587.230494	9895886.699494	30	0
1	171	0	45014.94	763587.230494	9895857.699494	30	0
1	171	0	45044.94	763587.230494	9895828.699494	30	0
1	171	0	45074.94	763587.230494	9895799.699494	30	0
1	171	0	45104.94	763587.230494	9895770.699494	30	0
1	171	0	45134.94	763587.230494	9895741.699494	30	0
1	171	0	45164.94	763587.230494	9895712.699494	30	0
1	171	0	45194.94	763587.230494	9895683.699494	30	0
1	171	0	45224.94	763587.230494	9895654.699494	30	0
1	171	0	45254.94	763587.230494	9895625.699494	30	0
1	171	0	45284.94	763587.230494	9895596.699494	30	0
1	171	0	45314.94	763587.230494	9895567.699494	30	0
1	171	0	45344.94	763587.230494	9895538.699494	30	0
1	171	0	45374.94	763587.230494	9895509.699494	30	0
1	171	0	45404.94	763587.230494	9895480.699494	30	0
1	171	0	45434.94	763587.230494	9895451.699494	30	0
1	171	0	45464.94	763587.230494	9895422.699494	30	0
1	171	0	45494.94	763587.230494	9895393.699494	30	0
1	171	0	45524.94	763587.230494	9895364.699494	30	0
1	171	0	45554.94	763587.230494	9895335.699494	30	0
1	171	0	45584.94	763587.230494	9895306.699494	30	0
1	171	0	45614.94	763587.230494	9895277.699494	30	0
1	171	0	45644.94	763587.230494	9895248.699494	30	0
1	171	0	45674.94	763587.230494	9895219.699494	30	0
1	171	0	45704.94	763587.230494	9895190.699494	30	0
1	171	0	45734.94	763587.230494	9895161.699494	30	0
1	171	0	45764.94	763587.230494	9895132.699494	30	0
1	171	0	45794.94	763587.230494	9895103.699494	30	0
1	171	0	45824.94	763587.230494	9895074.699494	30	0
1	171	0	45854.94	763616.230494	9895074.699494	30	0
1	171	0	45884.94	763616.230494	9895045.699494	30	0
1	171	0	45914.94	763616.230494	9895016.699494	30	0
1	171	0	45944.94	763616.230494	9894987.699494	30	0
1	171	0	45974.94	763645.230494	9894987.699494	30	0
1	171	0	46004.94	763645.230494	9894958.699494	30	0
1	171	0	46034.94	763645.230494	9894929.699494	30	0
1	171	0	46064.94	763674.230494	9894929.699494	30	0
1	171	0	46094.94	763674.230494	9894900.699494	30	0
1	171	0	46124.94	763703.230494	9894900.699494	30	0
1	171	0	46154.94	763703.230494	9894871.699494	30	0
1	171	0	46184.94	763732.230494	9894871.699494	30	0
1	171	0	46214.94	763732.230494	9894842.699494	30	0
1	171	0	46244.94	763732.230494	9894813.699494	30	0
1	171	0	46274.94	763732.230494	9894784.699494	30	0
1	171	0	46304.94	763761.230494	9894784.699494	30	0
1	171	0	46334.94	763761.230494	9894755.699494	30	0
1	171	0	46364.94	763790.230494	9894755.699494	30	0
1	171	0	46394.94	763790.230494	9894726.699494	30	0
1	171	0	46424.94	763819.230494	9894726.699494	30	0
1	171	0	46454.94	763819.230494	9894697.699494	30	0
1	171	0	46484.94	763848.230494	9894697.699494	30	0
1	171	0	46514.94	763848.230494	9894668.699494	30	0
1	171	0	46544.94	763848.230494	9894639.699494	30	0
1	171	0	46574.94	763877.230494	9894639.699494	30	0
1	171	0	46604.94	763877.230494	9894610.699494	30	0
1	171	0	46634.94	763877.230494	9894581.699494	30	0
1	171	0	46664.94	763906.230494	9894581.699494	30	0
1	171	0	46694.94	763906.230494	9894552.699494	30	0
1	171	0	46724.94	763906.230494	9894523.699494	30	0
1	171	0	46754.94	763935.230494	9894523.699494	30	0
1	171	0	46784.94	763935.230494	9894494.699494	30	0
1	171	0	46814.94	763964.230494	9894494.699494	30	0
1	171	0	46844.94	763964.230494	9894465.699494	30	0
1	171	0	46874.94	763993.230494	9894465.699494	30	0
1	171	0	46904.94	763993.230494	9894436.699494	30	0
1	171	0	46934.94	764022.230494	9894436.699494	30	0
1	171	0	46964.94	764022.230494	9894407.699494	30	0
1	171	0	46994.94	764022.230494	9894378.699494	30	0
1	171	0	47024.94	764051.230494	9894378.699494	30	0
1	171	0	47054.94	764051.230494	9894349.699494	30	0
1	171	0	47084.94	764080.230494	9894349.699494	30	0
1	171	0	47114.94	764080.230494	9894320.699494	30	0
1	171	0	47144.94	764109.230494	9894320.699494	30	0
1	171	0	47174.94	764109.230494	9894291.699494	30	0
1	171	0	47204.94	764138.230494	9894291.699494	30	0
1	171	0	47234.94	764138.230494	9894262.699494	30	0
1	171	0	47264.94	764138.230494	9894233.699494	30	0
1	171	0	47294.94	764138.230494	9894204.699494	30	0
1	171	0	47324.94	764138.230494	9894175.699494	30	0
1	171	0	47354.94	764138.230494	9894146.699494	30	0
1	171	0	47384.94	764138.230494	9894117.699494	30	0
1	171	0	47414.94	764138.230494	9894088.699494	30	0
1	171	0	47444.94	764138.230494	9894059.699494	30	0
1	171	0	47474.94	764138.230494	9894030.699494	30	0
1	171	0	47504.94	764138.230494	9894001.699494	30	0
1	171	0	47534.94	764138.230494	9893972.699494	30	0
1	171	0	47564.94	764138.230494	9893943.699494	30	0
1	171	0	47594.94	764138.230494	9893914.699494	30	0
1	171	0	47624.94	764138.230494	9893885.699494	30	0
1	171	0	47654.94	764138.230494	9893856.699494	30	0
1	171	0	47684.94	764138.230494	9893827.699494	30	0
1	171	0	47714.94	764138.230494	9893798.699494	30	0
1	171	0	47744.94	764138.230494	9893769.699494	30	0
1	171	0	47774.94	764138.230494	9893740.699494	30	0
1	171	0	47804.94	764138.230494	9893711.699494	30	0
1	171	0	47849.94	764109.230494	9893682.699494	45	0
1	171	0	47879.94	764109.230494	9893653.699494	30	0
1	171	0	47909.94	764109.230494	9893624.699494	30	0
1	171	0	47954.94	764138.230494	9893595.699494	45	0
1	171	0	47999.94	764167.230494	9893566.699494	45	0
1	171	0	48044.94	764196.230494	9893537.699494	45	0
1	171	0	48089.94	764225.230494	9893508.699494	45	0
1	171	0	48119.94	764225.230494	9893479.699494	30	0
1	171	0	48164.94	764254.230494	9893450.699494	45	0
1	171	0	48209.94	764283.230494	9893421.699494	45	0
1	171	0	48239.94	764283.230494	9893392.699494	30	0
1	171	0	48284.94	764312.230494	9893363.699494	45	0
1	171	0	48329.94	764341.230494	9893334.699494	45	0
1	171	0	48374.94	764370.230494	9893305.699494	45	0
1	171	0	48419.94	764399.230494	9893276.699494	45	0
1	171	0	48464.94	764428.230494	9893247.699494	45	0
1	171	0	48494.94	764457.230494	9893247.699494	30	0
1	171	0	48539.94	764486.230494	9893218.699494	45	0
1	171	0	48569.94	764486.230494	9893189.699494	30	0
1	171	0	48614.94	764515.230494	9893160.699494	45	0
1	171	0	48644.94	764515.230494	9893131.699494	30	0
1	171	0	48674.94	764544.230494	9893131.699494	30	0
1	171	0	48704.94	764544.230494	9893102.699494	30	0
1	171	0	48734.94	764544.230494	9893073.699494	30	0
1	171	0	48764.94	764544.230494	9893044.699494	30	0
1	171	0	48794.94	764544.230494	9893015.699494	30	0
1	171	0	48824.94	764544.230494	9892986.699494	30	0
1	171	0	48854.94	764544.230494	9892957.699494	30	0
1	171	0	48884.94	764544.230494	9892928.699494	30	0
1	171	0	48914.94	764544.230494	9892899.699494	30	0
1	171	0	48944.94	764544.230494	9892870.699494	30	0
1	171	0	48974.94	764544.230494	9892841.699494	30	0
1	171	0	49004.94	764544.230494	9892812.699494	30	0
1	171	0	49034.94	764544.230494	9892783.699494	30	0
1	171	0	49064.94	764544.230494	9892754.699494	30	0
1	171	0	49094.94	764544.230494	9892725.699494	30	0
1	171	0	49124.94	764544.230494	9892696.699494	30	0
1	171	0	49154.94	764544.230494	9892667.699494	30	0
1	171	0	49184.94	764544.230494	9892638.699494	30	0
1	171	0	49214.94	764544.230494	9892609.699494	30	0
1	171	0	49244.94	764544.230494	9892580.699494	30	0
1	171	0	49274.94	764544.230494	9892551.699494	30	0
1	171	0	49304.94	764544.230494	9892522.699494	30	0
1	171	0	49334.94	764544.230494	9892493.699494	30	0
1	171	0	49364.94	764544.230494	9892464.699494	30	0
1	171	0	49409.94	764515.230494	9892435.699494	45	0
1	171	0	49439.94	764515.230494	9892406.699494	30	0
1	171	0	49469.94	764515.230494	9892377.699494	30	0
1	171	0	49499.94	764515.230494	9892348.699494	30	0
1	171	0	49529.94	764515.230494	9892319.699494	30	0
1	171	0	49559.94	764515.230494	9892290.699494	30	0
1	171	0	49604.94	764486.230494	9892261.699494	45	0
1	171	0	49634.94	764486.230494	9892232.699494	30	0
1	171	0	49664.94	764486.230494	9892203.699494	30	0
1	171	0	49694.94	764486.230494	9892174.699494	30	0
1	171	0	49739.94	764457.230494	9892145.699494	45	0
1	171	0	49769.94	764457.230494	9892116.699494	30	0
1	171	0	49799.94	764457.230494	9892087.699494	30	0
1	171	0	49829.94	764457.230494	9892058.699494	30	0
1	171	0	49859.94	764457.230494	9892029.699494	30	0
1	171	0	49889.94	764457.230494	9892000.699494	30	0
1	171	0	49919.94	764457.230494	9891971.699494	30	0
1	171	0	49949.94	764457.230494	9891942.699494	30	0
1	171	0	49979.94	764457.230494	9891913.699494	30	0
1	171	0	50009.94	764457.230494	9891884.699494	30	0
1	171	0	50039.94	764457.230494	9891855.699494	30	0
1	171	0	50069.94	764457.230494	9891826.699494	30	0
1	171	0	50099.94	764457.230494	9891797.699494	30	0
1	171	0	50129.94	764457.230494	9891768.699494	30	0
1	171	0	50159.94	764457.230494	9891739.699494	30	0
1	171	0	50189.94	764457.230494	9891710.699494	30	0
1	171	0	50219.94	764457.230494	9891681.699494	30	0
1	171	0	50249.94	764457.230494	9891652.699494	30	0
1	171	0	50279.94	764486.230494	9891652.699494	30	0
1	171	0	50309.94	764486.230494	9891623.699494	30	0
1	171	0	50339.94	764486.230494	9891594.699494	30	0
1	171	0	50369.94	764486.230494	9891565.699494	30	0
1	171	0	50399.94	764486.230494	9891536.699494	30	0
1	171	0	50444.94	764515.230494	9891507.699494	45	0
1	171	0	50474.94	764544.230494	9891507.699494	30	0
1	171	0	50504.94	764544.230494	9891478.699494	30	0
1	171	0	50534.94	764544.230494	9891449.699494	30	0
1	171	0	50564.94	764573.230494	9891449.699494	30	0
1	171	0	50594.94	764573.230494	9891420.699494	30	0
1	171	0	50639.94	764602.230494	9891391.699494	45	0
1	171	0	50669.94	764602.230494	9891420.699494	30	0
1	171	0	50699.94	764631.230494	9891420.699494	30	0
1	171	0	50729.94	764631.230494	9891391.699494	30	0
1	171	0	50759.94	764660.230494	9891391.699494	30	0
1	171	0	50789.94	764689.230494	9891391.699494	30	0
1	171	0	50819.94	764689.230494	9891362.699494	30	0
1	171	0	50849.94	764689.230494	9891333.699494	30	0
1	171	0	50879.94	764689.230494	9891304.699494	30	0
1	171	0	50909.94	764689.230494	9891275.699494	30	0
1	171	0	50939.94	764689.230494	9891246.699494	30	0
1	171	0	50969.94	764689.230494	9891217.699494	30	0
1	171	0	50999.94	764689.230494	9891188.699494	30	0
1	171	0	51029.94	764689.230494	9891159.699494	30	0
1	171	0	51059.94	764689.230494	9891130.699494	30	0
1	171	0	51089.94	764689.230494	9891101.699494	30	0
1	171	0	51119.94	764689.230494	9891072.699494	30	0
1	171	0	51149.94	764689.230494	9891043.699494	30	0
1	171	0	51179.94	764689.230494	9891014.699494	30	0
1	171	0	51209.94	764689.230494	9890985.699494	30	0
1	171	0	51239.94	764689.230494	9890956.699494	30	0
1	171	0	51269.94	764689.230494	9890927.699494	30	0
1	171	0	51299.94	764689.230494	9890898.699494	30	0
1	171	0	51329.94	764689.230494	9890869.699494	30	0
1	171	0	51359.94	764689.230494	9890840.699494	30	0
1	171	0	51389.94	764689.230494	9890811.699494	30	0
1	171	0	51419.94	764718.230494	9890811.699494	30	0
1	171	0	51449.94	764718.230494	9890782.699494	30	0
1	171	0	51479.94	764718.230494	9890753.699494	30	0
1	171	0	51509.94	764747.230494	9890753.699494	30	0
1	171	0	51539.94	764747.230494	9890724.699494	30	0
1	171	0	51569.94	764776.230494	9890724.699494	30	0
1	171	0	51599.94	764776.230494	9890695.699494	30	0
1	171	0	51629.94	764805.230494	9890695.699494	30	0
1	171	0	51659.94	764805.230494	9890666.699494	30	0
1	171	0	51689.94	764805.230494	9890637.699494	30	0
1	171	0	51719.94	764834.230494	9890637.699494	30	0
1	171	0	51749.94	764834.230494	9890608.699494	30	0
1	171	0	51779.94	764834.230494	9890579.699494	30	0
1	171	0	51809.94	764834.230494	9890550.699494	30	0
1	171	0	51839.94	764834.230494	9890521.699494	30	0
1	171	0	51869.94	764834.230494	9890492.699494	30	0
1	171	0	51899.94	764834.230494	9890463.699494	30	0
1	171	0	51929.94	764834.230494	9890434.699494	30	0
1	171	0	51959.94	764834.230494	9890405.699494	30	0
1	171	0	51989.94	764834.230494	9890376.699494	30	0
1	171	0	52019.94	764834.230494	9890347.699494	30	0
1	171	0	52049.94	764834.230494	9890318.699494	30	0
1	171	0	52079.94	764834.230494	9890289.699494	30	0
1	171	0	52109.94	764834.230494	9890260.699494	30	0
1	171	0	52139.94	764834.230494	9890231.699494	30	0
1	171	0	52169.94	764863.230494	9890231.699494	30	0
1	171	0	52199.94	764863.230494	9890202.699494	30	0
1	171	0	52229.94	764863.230494	9890173.699494	30	0
1	171	0	52259.94	764863.230494	9890144.699494	30	0
1	171	0	52289.94	764863.230494	9890115.699494	30	0
1	171	0	52319.94	764892.230494	9890115.699494	30	0
1	171	0	52349.94	764921.230494	9890115.699494	30	0
1	171	0	52379.94	764921.230494	9890086.699494	30	0
1	171	0	52424.94	764950.230494	9890057.699494	45	0
1	171	0	52454.94	764979.230494	9890057.699494	30	0
1	171	0	52484.94	765008.230494	9890057.699494	30	0
1	171	0	52514.94	765037.230494	9890057.699494	30	0
1	171	0	52544.94	765066.230494	9890057.699494	30	0
1	171	0	52574.94	765066.230494	9890086.699494	30	0
1	171	0	52604.94	765066.230494	9890115.699494	30	0
1	171	0	52634.94	765066.230494	9890144.699494	30	0
1	171	0	52664.94	765066.230494	9890173.699494	30	0
1	171	0	52694.94	765066.230494	9890202.699494	30	0
1	171	0	52724.94	765095.230494	9890202.699494	30	0
1	171	0	52754.94	765095.230494	9890173.699494	30	0
1	171	0	52784.94	765124.230494	9890173.699494	30	0
1	171	0	52829.94	765153.230494	9890144.699494	45	0
1	171	0	52859.94	765153.230494	9890115.699494	30	0
1	171	0	52904.94	765182.230494	9890086.699494	45	0
1	171	0	52934.94	765182.230494	9890057.699494	30	0
1	171	0	52979.94	765211.230494	9890028.699494	45	0
1	171	0	53009.94	765240.230494	9890028.699494	30	0
1	171	0	53039.94	765240.230494	9889999.699494	30	0
1	171	0	53084.94	765269.230494	9889970.699494	45	0
1	171	0	53114.94	765298.230494	9889970.699494	30	0
1	171	0	53144.94	765298.230494	9889941.699494	30	0
1	171	0	53189.94	765327.230494	9889912.699494	45	0
1	171	0	53219.94	765327.230494	9889883.699494	30	0
1	171	0	53264.94	765356.230494	9889854.699494	45	0
1	171	0	53309.94	765385.230494	9889825.699494	45	0
1	171	0	53354.94	765414.230494	9889796.699494	45	0
1	171	0	53384.94	765414.230494	9889767.699494	30	0
1	171	0	53414.94	765414.230494	9889738.699494	30	0
1	171	0	53459.94	765443.230494	9889709.699494	45	0
1	171	0	53489.94	765443.230494	9889680.699494	30	0
1	171	0	53534.94	765472.230494	9889651.699494	45	0
1	171	0	53579.94	765501.230494	9889622.699494	45	0
1	171	0	53609.94	765501.230494	9889593.699494	30	0
1	171	0	53654.94	765530.230494	9889564.699494	45	0
1	171	0	53684.94	765530.230494	9889535.699494	30	0
1	171	0	53714.94	765530.230494	9889506.699494	30	0
1	171	0	53744.94	765530.230494	9889477.699494	30	0
1	171	0	53789.94	765559.230494	9889448.699494	45	0
1	171	0	53819.94	765559.230494	9889419.699494	30	0
1	171	0	53864.94	765588.230494	9889390.699494	45	0
1	171	0	53894.94	765588.230494	9889361.699494	30	0
1	171	0	53924.94	765588.230494	9889332.699494	30	0
1	171	0	53969.94	765617.230494	9889303.699494	45	0
1	171	0	53999.94	765617.230494	9889274.699494	30	0
1	171	0	54029.94	765617.230494	9889245.699494	30	0
1	171	0	54059.94	765617.230494	9889216.699494	30	0
1	171	0	54104.94	765646.230494	9889187.699494	45	0
1	171	0	54134.94	765646.230494	9889158.699494	30	0
1	171	0	54179.94	765675.230494	9889129.699494	45	0
1	171	0	54224.94	765704.230494	9889100.699494	45	0
1	171	0	54254.94	765704.230494	9889071.699494	30	0
1	171	0	54284.94	765704.230494	9889042.699494	30	0
1	171	0	54329.94	765733.230494	9889013.699494	45	0
1	171	0	54374.94	765762.230494	9888984.699494	45	0
1	171	0	54419.94	765791.230494	9888955.699494	45	0
1	171	0	54449.94	765791.230494	9888926.699494	30	0
1	171	0	54479.94	765791.230494	9888897.699494	30	0
1	171	0	54524.94	765820.230494	9888868.699494	45	0
1	171	0	54569.94	765849.230494	9888839.699494	45	0
1	171	0	54614.94	765878.230494	9888810.699494	45	0
1	171	0	54644.94	765907.230494	9888810.699494	30	0
1	171	0	54689.94	765936.230494	9888781.699494	45	0
1	171	0	54719.94	765965.230494	9888781.699494	30	0
1	171	0	54749.94	765994.230494	9888781.699494	30	0
1	171	0	54779.94	766023.230494	9888781.699494	30	0
1	171	0	54809.94	766023.230494	9888810.699494	30	0
1	171	0	54839.94	766023.230494	9888839.699494	30	0
1	171	0	54869.94	766052.230494	9888839.699494	30	0
1	171	0	54899.94	766052.230494	9888810.699494	30	0
1	171	0	54929.94	766052.230494	9888781.699494	30	0
1	171	0	54959.94	766052.230494	9888752.699494	30	0
1	171	0	54989.94	766052.230494	9888723.699494	30	0
1	171	0	55019.94	766081.230494	9888723.699494	30	0
1	171	0	55049.94	766081.230494	9888694.699494	30	0
1	171	0	55079.94	766081.230494	9888665.699494	30	0
1	171	0	55109.94	766081.230494	9888636.699494	30	0
1	171	0	55139.94	766110.230494	9888636.699494	30	0
1	171	0	55169.94	766110.230494	9888607.699494	30	0
1	171	0	55199.94	766110.230494	9888578.699494	30	0
1	171	0	55244.94	766139.230494	9888549.699494	45	0
1	171	0	55274.94	766139.230494	9888520.699494	30	0
1	171	0	55319.94	766168.230494	9888491.699494	45	0
1	171	0	55349.94	766168.230494	9888462.699494	30	0
1	171	0	55394.94	766197.230494	9888433.699494	45	0
1	171	0	55424.94	766197.230494	9888404.699494	30	0
1	171	0	55454.94	766197.230494	9888375.699494	30	0
1	171	0	55484.94	766197.230494	9888346.699494	30	0
1	171	0	55514.94	766226.230494	9888346.699494	30	0
1	171	0	55544.94	766226.230494	9888375.699494	30	0
1	171	0	55574.94	766226.230494	9888404.699494	30	0
1	171	0	55604.94	766226.230494	9888433.699494	30	0
1	171	0	55649.94	766255.230494	9888404.699494	45	0
1	171	0	55679.94	766255.230494	9888375.699494	30	0
1	171	0	55709.94	766255.230494	9888346.699494	30	0
1	171	0	55754.94	766284.230494	9888317.699494	45	0
1	171	0	55784.94	766284.230494	9888288.699494	30	0
1	171	0	55814.94	766284.230494	9888259.699494	30	0
1	171	0	55844.94	766313.230494	9888259.699494	30	0
1	171	0	55874.94	766313.230494	9888288.699494	30	0
1	171	0	55919.94	766342.230494	9888259.699494	45	0
1	171	0	55949.94	766342.230494	9888230.699494	30	0
1	171	0	55979.94	766342.230494	9888201.699494	30	0
1	171	0	56009.94	766342.230494	9888172.699494	30	0
1	171	0	56039.94	766342.230494	9888143.699494	30	0
1	171	0	56069.94	766342.230494	9888114.699494	30	0
1	171	0	56099.94	766371.230494	9888114.699494	30	0
1	171	0	56129.94	766371.230494	9888085.699494	30	0
1	171	0	56159.94	766400.230494	9888085.699494	30	0
1	171	0	56189.94	766400.230494	9888056.699494	30	0
1	171	0	56219.94	766429.230494	9888056.699494	30	0
1	171	0	56249.94	766429.230494	9888027.699494	30	0
1	171	0	56279.94	766458.230494	9888027.699494	30	0
1	171	0	56309.94	766458.230494	9887998.699494	30	0
1	171	0	56339.94	766487.230494	9887998.699494	30	0
1	171	0	56369.94	766487.230494	9887969.699494	30	0
1	171	0	56399.94	766516.230494	9887969.699494	30	0
1	171	0	56429.94	766516.230494	9887940.699494	30	0
1	171	0	56459.94	766545.230494	9887940.699494	30	0
1	171	0	56489.94	766545.230494	9887911.699494	30	0
1	171	0	56519.94	766545.230494	9887882.699494	30	0
1	171	0	56549.94	766574.230494	9887882.699494	30	0
1	171	0	56579.94	766574.230494	9887853.699494	30	0
1	171	0	56609.94	766574.230494	9887824.699494	30	0
1	171	0	56639.94	766574.230494	9887795.699494	30	0
1	171	0	56669.94	766574.230494	9887766.699494	30	0
1	171	0	56699.94	766574.230494	9887737.699494	30	0
1	171	0	56729.94	766574.230494	9887708.699494	30	0
1	171	0	56759.94	766574.230494	9887679.699494	30	0
1	171	0	56789.94	766574.230494	9887650.699494	30	0
1	171	0	56819.94	766574.230494	9887621.699494	30	0
1	171	0	56849.94	766603.230494	9887621.699494	30	0
1	171	0	56879.94	766603.230494	9887650.699494	30	0
1	171	0	56909.94	766603.230494	9887679.699494	30	0
1	171	0	56939.94	766603.230494	9887708.699494	30	0
1	171	0	56969.94	766603.230494	9887737.699494	30	0
1	171	0	56999.94	766603.230494	9887766.699494	30	0
1	171	0	57029.94	766603.230494	9887795.699494	30	0
1	171	0	57059.94	766603.230494	9887824.699494	30	0
1	171	0	57089.94	766603.230494	9887853.699494	30	0
1	171	0	57119.94	766603.230494	9887882.699494	30	0
1	171	0	57149.94	766603.230494	9887911.699494	30	0
1	171	0	57179.94	766603.230494	9887940.699494	30	0
1	171	0	57209.94	766603.230494	9887969.699494	30	0
1	171	0	57239.94	766603.230494	9887998.699494	30	0
1	171	0	57269.94	766603.230494	9888027.699494	30	0
1	171	0	57299.94	766632.230494	9888027.699494	30	0
1	171	0	57329.94	766632.230494	9887998.699494	30	0
1	171	0	57359.94	766632.230494	9887969.699494	30	0
1	171	0	57389.94	766632.230494	9887940.699494	30	0
1	171	0	57419.94	766632.230494	9887911.699494	30	0
1	171	0	57449.94	766632.230494	9887882.699494	30	0
1	171	0	57479.94	766632.230494	9887853.699494	30	0
1	171	0	57509.94	766632.230494	9887824.699494	30	0
1	171	0	57539.94	766632.230494	9887795.699494	30	0
1	171	0	57569.94	766632.230494	9887766.699494	30	0
1	171	0	57599.94	766632.230494	9887737.699494	30	0
1	171	0	57629.94	766632.230494	9887708.699494	30	0
1	171	0	57659.94	766632.230494	9887679.699494	30	0
1	171	0	57689.94	766632.230494	9887650.699494	30	0
1	171	0	57719.94	766632.230494	9887621.699494	30	0
1	171	0	57749.94	766661.230494	9887621.699494	30	0
1	171	0	57779.94	766661.230494	9887650.699494	30	0
1	171	0	57809.94	766661.230494	9887679.699494	30	0
1	171	0	57839.94	766661.230494	9887708.699494	30	0
1	171	0	57869.94	766661.230494	9887737.699494	30	0
1	171	0	57899.94	766661.230494	9887766.699494	30	0
1	171	0	57929.94	766661.230494	9887795.699494	30	0
1	171	0	57959.94	766661.230494	9887824.699494	30	0
1	171	0	57989.94	766661.230494	9887853.699494	30	0
1	171	0	58019.94	766661.230494	9887882.699494	30	0
1	171	0	58049.94	766661.230494	9887911.699494	30	0
1	171	0	58079.94	766661.230494	9887940.699494	30	0
1	171	0	58109.94	766661.230494	9887969.699494	30	0
1	171	0	58139.94	766661.230494	9887998.699494	30	0
1	171	0	58169.94	766661.230494	9888027.699494	30	0
1	171	0	58199.94	766661.230494	9888056.699494	30	0
1	171	0	58229.94	766632.230494	9888056.699494	30	0
1	171	0	58259.94	766603.230494	9888056.699494	30	0
1	171	0	58289.94	766574.230494	9888056.699494	30	0
1	171	0	58319.94	766574.230494	9888027.699494	30	0
1	171	0	58349.94	766574.230494	9887998.699494	30	0
1	171	0	58379.94	766574.230494	9887969.699494	30	0
1	171	0	58409.94	766574.230494	9887940.699494	30	0
1	171	0	58439.94	766574.230494	9887911.699494	30	0
